-- phpMyAdmin SQL Dump
-- version 4.7.9
-- https://www.phpmyadmin.net/
--
-- Servidor: 127.0.0.1
-- Tiempo de generación: 20-05-2018 a las 03:40:42
-- Versión del servidor: 10.1.31-MariaDB
-- Versión de PHP: 7.2.3

SET SQL_MODE = "NO_AUTO_VALUE_ON_ZERO";
SET AUTOCOMMIT = 0;
START TRANSACTION;
SET time_zone = "+00:00";


/*!40101 SET @OLD_CHARACTER_SET_CLIENT=@@CHARACTER_SET_CLIENT */;
/*!40101 SET @OLD_CHARACTER_SET_RESULTS=@@CHARACTER_SET_RESULTS */;
/*!40101 SET @OLD_COLLATION_CONNECTION=@@COLLATION_CONNECTION */;
/*!40101 SET NAMES utf8mb4 */;

--
-- Base de datos: `sectores`
--

-- --------------------------------------------------------

--
-- Estructura de tabla para la tabla `centro`
--

CREATE TABLE `centro` (
  `id` int(10) UNSIGNED NOT NULL,
  `cod` int(11) NOT NULL,
  `centro` varchar(191) COLLATE utf8mb4_unicode_ci NOT NULL,
  `municipio` varchar(25) COLLATE utf8mb4_unicode_ci NOT NULL,
  `parroquia` varchar(25) COLLATE utf8mb4_unicode_ci NOT NULL,
  `direccion` varchar(191) COLLATE utf8mb4_unicode_ci NOT NULL,
  `mesas` int(11) NOT NULL,
  `electores` int(11) NOT NULL,
  `created_at` timestamp NULL DEFAULT NULL,
  `updated_at` timestamp NULL DEFAULT NULL
) ENGINE=InnoDB DEFAULT CHARSET=utf8mb4 COLLATE=utf8mb4_unicode_ci;

--
-- Volcado de datos para la tabla `centro`
--

INSERT INTO `centro` (`id`, `cod`, `centro`, `municipio`, `parroquia`, `direccion`, `mesas`, `electores`, `created_at`, `updated_at`) VALUES
(0, 0, '', 'MP. GIRARDOT', 'PQ. MADRE MA DE SAN JOSE', '', 0, 0, NULL, NULL),
(0, 0, '', 'MP. GIRARDOT', 'PQ. LAS DELICIAS', '', 0, 0, NULL, NULL),
(0, 0, '', 'MP. GIRARDOT', 'PQ. LAS DELICIAS', '', 0, 0, NULL, NULL),
(0, 0, '', 'MP. GIRARDOT', 'PQ. LAS DELICIAS', '', 0, 0, NULL, NULL),
(0, 0, '', 'MP. GIRARDOT', 'PQ. LAS DELICIAS', '', 0, 0, NULL, NULL),
(0, 0, '', 'MP. GIRARDOT', 'PQ. LAS DELICIAS', '', 0, 0, NULL, NULL),
(0, 0, '', 'MP. GIRARDOT', 'PQ. LAS DELICIAS', '', 0, 0, NULL, NULL),
(0, 0, '', 'MP. GIRARDOT', 'PQ. LAS DELICIAS', '', 0, 0, NULL, NULL),
(0, 0, '', 'MP. GIRARDOT', 'PQ. LAS DELICIAS', '', 0, 0, NULL, NULL),
(0, 0, '', 'MP. GIRARDOT', 'PQ. LAS DELICIAS', '', 0, 0, NULL, NULL),
(0, 0, '', 'MP. GIRARDOT', 'PQ. LAS DELICIAS', '', 0, 0, NULL, NULL),
(0, 0, '', 'MP. GIRARDOT', 'PQ. LAS DELICIAS', '', 0, 0, NULL, NULL),
(0, 0, '', 'MP. GIRARDOT', 'PQ. LAS DELICIAS', '', 0, 0, NULL, NULL),
(0, 0, '', 'MP. GIRARDOT', 'PQ. LAS DELICIAS', '', 0, 0, NULL, NULL),
(0, 0, '', 'MP. GIRARDOT', 'PQ. LAS DELICIAS', '', 0, 0, NULL, NULL),
(0, 0, '', 'MP. GIRARDOT', 'PQ. LAS DELICIAS', '', 0, 0, NULL, NULL),
(0, 0, '', 'MP. GIRARDOT', 'PQ. CHORONI', '', 0, 0, NULL, NULL),
(0, 0, '', 'MP. GIRARDOT', 'PQ. CHORONI', '', 0, 0, NULL, NULL),
(0, 0, '', 'MP. GIRARDOT', 'PQ. CHORONI', '', 0, 0, NULL, NULL),
(0, 0, '', 'MP. GIRARDOT', 'PQ. MADRE MA DE SAN JOSE', '', 0, 0, NULL, NULL),
(0, 0, '', 'MP. GIRARDOT', 'PQ. MADRE MA DE SAN JOSE', '', 0, 0, NULL, NULL),
(0, 0, '', 'MP. GIRARDOT', 'PQ. MADRE MA DE SAN JOSE', '', 0, 0, NULL, NULL),
(0, 0, '', 'MP. GIRARDOT', 'PQ. MADRE MA DE SAN JOSE', '', 0, 0, NULL, NULL),
(0, 0, '', 'MP. GIRARDOT', 'PQ. MADRE MA DE SAN JOSE', '', 0, 0, NULL, NULL),
(0, 0, '', 'MP. GIRARDOT', 'PQ. MADRE MA DE SAN JOSE', '', 0, 0, NULL, NULL),
(0, 0, '', 'MP. GIRARDOT', 'PQ. MADRE MA DE SAN JOSE', '', 0, 0, NULL, NULL),
(0, 0, '', 'MP. GIRARDOT', 'PQ. MADRE MA DE SAN JOSE', '', 0, 0, NULL, NULL),
(0, 0, '', 'MP. GIRARDOT', 'PQ. MADRE MA DE SAN JOSE', '', 0, 0, NULL, NULL),
(0, 0, '', 'MP. GIRARDOT', 'PQ. MADRE MA DE SAN JOSE', '', 0, 0, NULL, NULL),
(0, 0, '', 'MP. GIRARDOT', 'PQ. MADRE MA DE SAN JOSE', '', 0, 0, NULL, NULL),
(0, 0, '', 'MP. GIRARDOT', 'PQ. MADRE MA DE SAN JOSE', '', 0, 0, NULL, NULL),
(0, 0, '', 'MP. GIRARDOT', 'PQ. MADRE MA DE SAN JOSE', '', 0, 0, NULL, NULL),
(0, 0, '', 'MP. GIRARDOT', 'PQ. MADRE MA DE SAN JOSE', '', 0, 0, NULL, NULL),
(0, 0, '', 'MP. GIRARDOT', 'PQ. MADRE MA DE SAN JOSE', '', 0, 0, NULL, NULL),
(0, 0, '', 'MP. GIRARDOT', 'PQ. MADRE MA DE SAN JOSE', '', 0, 0, NULL, NULL),
(0, 0, '', 'MP. GIRARDOT', 'PQ. MADRE MA DE SAN JOSE', '', 0, 0, NULL, NULL),
(0, 0, '', 'MP. GIRARDOT', 'PQ. MADRE MA DE SAN JOSE', '', 0, 0, NULL, NULL),
(0, 0, '', 'MP. GIRARDOT', 'PQ. MADRE MA DE SAN JOSE', '', 0, 0, NULL, NULL),
(0, 0, '', 'MP. GIRARDOT', 'PQ. MADRE MA DE SAN JOSE', '', 0, 0, NULL, NULL),
(0, 0, '', 'MP. GIRARDOT', 'PQ. MADRE MA DE SAN JOSE', '', 0, 0, NULL, NULL),
(0, 0, '', 'MP. GIRARDOT', 'PQ. MADRE MA DE SAN JOSE', '', 0, 0, NULL, NULL),
(0, 0, '', 'MP. GIRARDOT', 'PQ. JOAQUIN CRESPO', '', 0, 0, NULL, NULL),
(0, 0, '', 'MP. GIRARDOT', 'PQ. JOAQUIN CRESPO', '', 0, 0, NULL, NULL),
(0, 0, '', 'MP. GIRARDOT', 'PQ. JOAQUIN CRESPO', '', 0, 0, NULL, NULL),
(0, 0, '', 'MP. GIRARDOT', 'PQ. JOAQUIN CRESPO', '', 0, 0, NULL, NULL),
(0, 0, '', 'MP. GIRARDOT', 'PQ. JOAQUIN CRESPO', '', 0, 0, NULL, NULL),
(0, 0, '', 'MP. GIRARDOT', 'PQ. JOAQUIN CRESPO', '', 0, 0, NULL, NULL),
(0, 0, '', 'MP. GIRARDOT', 'PQ. JOAQUIN CRESPO', '', 0, 0, NULL, NULL),
(0, 0, '', 'MP. GIRARDOT', 'PQ. JOAQUIN CRESPO', '', 0, 0, NULL, NULL),
(0, 0, '', 'MP. GIRARDOT', 'PQ. JOAQUIN CRESPO', '', 0, 0, NULL, NULL),
(0, 0, '', 'MP. GIRARDOT', 'PQ. JOAQUIN CRESPO', '', 0, 0, NULL, NULL),
(0, 0, '', 'MP. GIRARDOT', 'PQ. JOAQUIN CRESPO', '', 0, 0, NULL, NULL),
(0, 0, '', 'MP. GIRARDOT', 'PQ. JOAQUIN CRESPO', '', 0, 0, NULL, NULL),
(0, 0, '', 'MP. GIRARDOT', 'PQ. JOAQUIN CRESPO', '', 0, 0, NULL, NULL),
(0, 0, '', 'MP. GIRARDOT', 'PQ. JOAQUIN CRESPO', '', 0, 0, NULL, NULL),
(0, 0, '', 'MP. GIRARDOT', 'PQ. JOAQUIN CRESPO', '', 0, 0, NULL, NULL),
(0, 0, '', 'MP. GIRARDOT', 'PQ. JOAQUIN CRESPO', '', 0, 0, NULL, NULL),
(0, 0, '', 'MP. GIRARDOT', 'PQ. PEDRO JOSE OVALLES', '', 0, 0, NULL, NULL),
(0, 0, '', 'MP. GIRARDOT', 'PQ. PEDRO JOSE OVALLES', '', 0, 0, NULL, NULL),
(0, 0, '', 'MP. GIRARDOT', 'PQ. PEDRO JOSE OVALLES', '', 0, 0, NULL, NULL),
(0, 0, '', 'MP. GIRARDOT', 'PQ. PEDRO JOSE OVALLES', '', 0, 0, NULL, NULL),
(0, 0, '', 'MP. GIRARDOT', 'PQ. PEDRO JOSE OVALLES', '', 0, 0, NULL, NULL),
(0, 0, '', 'MP. GIRARDOT', 'PQ. PEDRO JOSE OVALLES', '', 0, 0, NULL, NULL),
(0, 0, '', 'MP. GIRARDOT', 'PQ. PEDRO JOSE OVALLES', '', 0, 0, NULL, NULL),
(0, 0, '', 'MP. GIRARDOT', 'PQ. PEDRO JOSE OVALLES', '', 0, 0, NULL, NULL),
(0, 0, '', 'MP. GIRARDOT', 'PQ. PEDRO JOSE OVALLES', '', 0, 0, NULL, NULL),
(0, 0, '', 'MP. GIRARDOT', 'PQ. PEDRO JOSE OVALLES', '', 0, 0, NULL, NULL),
(0, 0, '', 'MP. GIRARDOT', 'PQ. PEDRO JOSE OVALLES', '', 0, 0, NULL, NULL),
(0, 0, '', 'MP. GIRARDOT', 'PQ. PEDRO JOSE OVALLES', '', 0, 0, NULL, NULL),
(0, 0, '', 'MP. GIRARDOT', 'PQ. PEDRO JOSE OVALLES', '', 0, 0, NULL, NULL),
(0, 0, '', 'MP. GIRARDOT', 'PQ. PEDRO JOSE OVALLES', '', 0, 0, NULL, NULL),
(0, 0, '', 'MP. GIRARDOT', 'PQ. PEDRO JOSE OVALLES', '', 0, 0, NULL, NULL),
(0, 0, '', 'MP. GIRARDOT', 'PQ. PEDRO JOSE OVALLES', '', 0, 0, NULL, NULL),
(0, 0, '', 'MP. GIRARDOT', 'PQ. PEDRO JOSE OVALLES', '', 0, 0, NULL, NULL),
(0, 0, '', 'MP. GIRARDOT', 'PQ. PEDRO JOSE OVALLES', '', 0, 0, NULL, NULL),
(0, 0, '', 'MP. GIRARDOT', 'PQ. PEDRO JOSE OVALLES', '', 0, 0, NULL, NULL),
(0, 0, '', 'MP. GIRARDOT', 'PQ. PEDRO JOSE OVALLES', '', 0, 0, NULL, NULL),
(0, 0, '', 'MP. GIRARDOT', 'PQ. PEDRO JOSE OVALLES', '', 0, 0, NULL, NULL),
(0, 0, '', 'MP. GIRARDOT', 'PQ. JOSE CASANOVA GODOY', '', 0, 0, NULL, NULL),
(0, 0, '', 'MP. GIRARDOT', 'PQ. JOSE CASANOVA GODOY', '', 0, 0, NULL, NULL),
(0, 0, '', 'MP. GIRARDOT', 'PQ. JOSE CASANOVA GODOY', '', 0, 0, NULL, NULL),
(0, 0, '', 'MP. GIRARDOT', 'PQ. JOSE CASANOVA GODOY', '', 0, 0, NULL, NULL),
(0, 0, '', 'MP. GIRARDOT', 'PQ. JOSE CASANOVA GODOY', '', 0, 0, NULL, NULL),
(0, 0, '', 'MP. GIRARDOT', 'PQ. JOSE CASANOVA GODOY', '', 0, 0, NULL, NULL),
(0, 0, '', 'MP. GIRARDOT', 'PQ. JOSE CASANOVA GODOY', '', 0, 0, NULL, NULL),
(0, 0, '', 'MP. GIRARDOT', 'PQ. JOSE CASANOVA GODOY', '', 0, 0, NULL, NULL),
(0, 0, '', 'MP. GIRARDOT', 'PQ. JOSE CASANOVA GODOY', '', 0, 0, NULL, NULL),
(0, 0, '', 'MP. GIRARDOT', 'PQ. JOSE CASANOVA GODOY', '', 0, 0, NULL, NULL),
(0, 0, '', 'MP. GIRARDOT', 'PQ. JOSE CASANOVA GODOY', '', 0, 0, NULL, NULL),
(0, 0, '', 'MP. GIRARDOT', 'PQ. JOSE CASANOVA GODOY', '', 0, 0, NULL, NULL),
(0, 0, '', 'MP. GIRARDOT', 'PQ. JOSE CASANOVA GODOY', '', 0, 0, NULL, NULL),
(0, 0, '', 'MP. GIRARDOT', 'PQ. JOSE CASANOVA GODOY', '', 0, 0, NULL, NULL),
(0, 0, '', 'MP. GIRARDOT', 'PQ. JOSE CASANOVA GODOY', '', 0, 0, NULL, NULL),
(0, 0, '', 'MP. GIRARDOT', 'PQ. JOSE CASANOVA GODOY', '', 0, 0, NULL, NULL),
(0, 0, '', 'MP. GIRARDOT', 'PQ. JOSE CASANOVA GODOY', '', 0, 0, NULL, NULL),
(0, 0, '', 'MP. GIRARDOT', 'PQ. JOSE CASANOVA GODOY', '', 0, 0, NULL, NULL),
(0, 0, '', 'MP. GIRARDOT', 'PQ. JOSE CASANOVA GODOY', '', 0, 0, NULL, NULL),
(0, 0, '', 'MP. GIRARDOT', 'PQ. ANDRES ELOY BLANCO', '', 0, 0, NULL, NULL),
(0, 0, '', 'MP. GIRARDOT', 'PQ. ANDRES ELOY BLANCO', '', 0, 0, NULL, NULL),
(0, 0, '', 'MP. GIRARDOT', 'PQ. ANDRES ELOY BLANCO', '', 0, 0, NULL, NULL),
(0, 0, '', 'MP. GIRARDOT', 'PQ. ANDRES ELOY BLANCO', '', 0, 0, NULL, NULL),
(0, 0, '', 'MP. GIRARDOT', 'PQ. ANDRES ELOY BLANCO', '', 0, 0, NULL, NULL),
(0, 0, '', 'MP. GIRARDOT', 'PQ. ANDRES ELOY BLANCO', '', 0, 0, NULL, NULL),
(0, 0, '', 'MP. GIRARDOT', 'PQ. ANDRES ELOY BLANCO', '', 0, 0, NULL, NULL),
(0, 0, '', 'MP. GIRARDOT', 'PQ. ANDRES ELOY BLANCO', '', 0, 0, NULL, NULL),
(0, 0, '', 'MP. GIRARDOT', 'PQ. ANDRES ELOY BLANCO', '', 0, 0, NULL, NULL),
(0, 0, '', 'MP. GIRARDOT', 'PQ. ANDRES ELOY BLANCO', '', 0, 0, NULL, NULL),
(0, 0, '', 'MP. GIRARDOT', 'PQ. ANDRES ELOY BLANCO', '', 0, 0, NULL, NULL),
(0, 0, '', 'MP. GIRARDOT', 'PQ. ANDRES ELOY BLANCO', '', 0, 0, NULL, NULL),
(0, 0, '', 'MP. GIRARDOT', 'PQ. ANDRES ELOY BLANCO', '', 0, 0, NULL, NULL),
(0, 0, '', 'MP. GIRARDOT', 'PQ. ANDRES ELOY BLANCO', '', 0, 0, NULL, NULL),
(0, 0, '', 'MP. GIRARDOT', 'PQ. ANDRES ELOY BLANCO', '', 0, 0, NULL, NULL),
(0, 0, '', 'MP. GIRARDOT', 'PQ. ANDRES ELOY BLANCO', '', 0, 0, NULL, NULL),
(0, 0, '', 'MP. GIRARDOT', 'PQ. ANDRES ELOY BLANCO', '', 0, 0, NULL, NULL),
(0, 0, '', 'MP. GIRARDOT', 'PQ. ANDRES ELOY BLANCO', '', 0, 0, NULL, NULL),
(0, 0, '', 'MP. GIRARDOT', 'PQ. ANDRES ELOY BLANCO', '', 0, 0, NULL, NULL),
(0, 0, '', 'MP. GIRARDOT', 'PQ. ANDRES ELOY BLANCO', '', 0, 0, NULL, NULL),
(0, 0, '', 'MP. GIRARDOT', 'PQ. LOS TACARIGUAS', '', 0, 0, NULL, NULL),
(0, 0, '', 'MP. GIRARDOT', 'PQ. LOS TACARIGUAS', '', 0, 0, NULL, NULL),
(0, 0, '', 'MP. GIRARDOT', 'PQ. LOS TACARIGUAS', '', 0, 0, NULL, NULL),
(0, 0, '', 'MP. GIRARDOT', 'PQ. LOS TACARIGUAS', '', 0, 0, NULL, NULL),
(0, 0, '', 'MP. GIRARDOT', 'PQ. LOS TACARIGUAS', '', 0, 0, NULL, NULL),
(0, 0, '', 'MP. GIRARDOT', 'PQ. LOS TACARIGUAS', '', 0, 0, NULL, NULL),
(0, 0, '', 'MP. GIRARDOT', 'PQ. LOS TACARIGUAS', '', 0, 0, NULL, NULL),
(0, 0, '', 'MP. GIRARDOT', 'PQ. LOS TACARIGUAS', '', 0, 0, NULL, NULL),
(0, 0, '', 'MP. GIRARDOT', 'PQ. LOS TACARIGUAS', '', 0, 0, NULL, NULL),
(0, 0, '', 'MP. GIRARDOT', 'PQ. LOS TACARIGUAS', '', 0, 0, NULL, NULL),
(0, 0, '', 'MP. GIRARDOT', 'PQ. LOS TACARIGUAS', '', 0, 0, NULL, NULL),
(0, 0, '', 'MP. GIRARDOT', 'PQ. LOS TACARIGUAS', '', 0, 0, NULL, NULL),
(0, 0, '', 'MP. GIRARDOT', 'PQ. LOS TACARIGUAS', '', 0, 0, NULL, NULL),
(0, 0, '', 'MP. GIRARDOT', 'PQ. LOS TACARIGUAS', '', 0, 0, NULL, NULL),
(0, 0, '', 'MP. GIRARDOT', 'PQ. LOS TACARIGUAS', '', 0, 0, NULL, NULL),
(0, 0, '', 'MP. GIRARDOT', 'PQ. LOS TACARIGUAS', '', 0, 0, NULL, NULL),
(0, 0, '', 'MP. GIRARDOT', 'PQ. LOS TACARIGUAS', '', 0, 0, NULL, NULL),
(0, 0, '', 'MP. GIRARDOT', 'PQ. LOS TACARIGUAS', '', 0, 0, NULL, NULL),
(0, 0, '', 'MP. GIRARDOT', 'PQ. LOS TACARIGUAS', '', 0, 0, NULL, NULL),
(0, 0, '', 'MP. GIRARDOT', 'PQ. LOS TACARIGUAS', '', 0, 0, NULL, NULL),
(0, 0, '', 'MP. GIRARDOT', 'PQ. LOS TACARIGUAS', '', 0, 0, NULL, NULL),
(0, 0, '', 'MP. GIRARDOT', 'PQ. LOS TACARIGUAS', '', 0, 0, NULL, NULL),
(0, 0, '', 'MP. GIRARDOT', 'PQ. LOS TACARIGUAS', '', 0, 0, NULL, NULL),
(0, 0, '', 'MP. GIRARDOT', 'PQ. LOS TACARIGUAS', '', 0, 0, NULL, NULL),
(0, 0, '', 'MP. GIRARDOT', 'PQ. LOS TACARIGUAS', '', 0, 0, NULL, NULL),
(0, 0, '', 'MP. GIRARDOT', 'PQ. LOS TACARIGUAS', '', 0, 0, NULL, NULL),
(0, 0, '', 'MP. GIRARDOT', 'PQ. LOS TACARIGUAS', '', 0, 0, NULL, NULL),
(0, 0, '', 'MP. GIRARDOT', 'PQ. LOS TACARIGUAS', '', 0, 0, NULL, NULL),
(0, 0, '', 'MP. GIRARDOT', 'PQ. LOS TACARIGUAS', '', 0, 0, NULL, NULL),
(0, 0, '', 'MP. GIRARDOT', 'PQ. LOS TACARIGUAS', '', 0, 0, NULL, NULL),
(0, 0, '', 'MP. GIRARDOT', 'PQ. LOS TACARIGUAS', '', 0, 0, NULL, NULL),
(0, 0, '', 'MP. GIRARDOT', 'PQ. LOS TACARIGUAS', '', 0, 0, NULL, NULL),
(0, 0, '', 'MP. GIRARDOT', 'PQ. LOS TACARIGUAS', '', 0, 0, NULL, NULL),
(0, 0, '', 'MP. GIRARDOT', 'PQ. LOS TACARIGUAS', '', 0, 0, NULL, NULL),
(0, 0, '', 'MP. GIRARDOT', 'PQ. LOS TACARIGUAS', '', 0, 0, NULL, NULL),
(0, 0, '', 'MP. SANTIAGO MARIÑO', 'CM. TURMERO', '', 0, 0, NULL, NULL),
(0, 0, '', 'MP. SANTIAGO MARIÑO', 'CM. TURMERO', '', 0, 0, NULL, NULL),
(0, 0, '', 'MP. SANTIAGO MARIÑO', 'CM. TURMERO', '', 0, 0, NULL, NULL),
(0, 0, '', 'MP. SANTIAGO MARIÑO', 'CM. TURMERO', '', 0, 0, NULL, NULL),
(0, 0, '', 'MP. SANTIAGO MARIÑO', 'CM. TURMERO', '', 0, 0, NULL, NULL),
(0, 0, '', 'MP. SANTIAGO MARIÑO', 'CM. TURMERO', '', 0, 0, NULL, NULL),
(0, 0, '', 'MP. SANTIAGO MARIÑO', 'CM. TURMERO', '', 0, 0, NULL, NULL),
(0, 0, '', 'MP. SANTIAGO MARIÑO', 'CM. TURMERO', '', 0, 0, NULL, NULL),
(0, 0, '', 'MP. SANTIAGO MARIÑO', 'CM. TURMERO', '', 0, 0, NULL, NULL),
(0, 0, '', 'MP. SANTIAGO MARIÑO', 'CM. TURMERO', '', 0, 0, NULL, NULL),
(0, 0, '', 'MP. SANTIAGO MARIÑO', 'CM. TURMERO', '', 0, 0, NULL, NULL),
(0, 0, '', 'MP. SANTIAGO MARIÑO', 'PQ. SAMAN DE GUERE', '', 0, 0, NULL, NULL),
(0, 0, '', 'MP. SANTIAGO MARIÑO', 'PQ. SAMAN DE GUERE', '', 0, 0, NULL, NULL),
(0, 0, '', 'MP. SANTIAGO MARIÑO', 'PQ. SAMAN DE GUERE', '', 0, 0, NULL, NULL),
(0, 0, '', 'MP. SANTIAGO MARIÑO', 'PQ. SAMAN DE GUERE', '', 0, 0, NULL, NULL),
(0, 0, '', 'MP. SANTIAGO MARIÑO', 'PQ. SAMAN DE GUERE', '', 0, 0, NULL, NULL),
(0, 0, '', 'MP. SANTIAGO MARIÑO', 'PQ. SAMAN DE GUERE', '', 0, 0, NULL, NULL),
(0, 0, '', 'MP. SANTIAGO MARIÑO', 'PQ. SAMAN DE GUERE', '', 0, 0, NULL, NULL),
(0, 0, '', 'MP. SANTIAGO MARIÑO', 'PQ. SAMAN DE GUERE', '', 0, 0, NULL, NULL),
(0, 0, '', 'MP. SANTIAGO MARIÑO', 'PQ. SAMAN DE GUERE', '', 0, 0, NULL, NULL),
(0, 0, '', 'MP. SANTIAGO MARIÑO', 'PQ. SAMAN DE GUERE', '', 0, 0, NULL, NULL),
(0, 0, '', 'MP. SANTIAGO MARIÑO', 'PQ. SAMAN DE GUERE', '', 0, 0, NULL, NULL),
(0, 0, '', 'MP. SANTIAGO MARIÑO', 'PQ. SAMAN DE GUERE', '', 0, 0, NULL, NULL),
(0, 0, '', 'MP. SANTIAGO MARIÑO', 'PQ. SAMAN DE GUERE', '', 0, 0, NULL, NULL),
(0, 0, '', 'MP. SANTIAGO MARIÑO', 'PQ. SAMAN DE GUERE', '', 0, 0, NULL, NULL),
(0, 0, '', 'MP. SANTIAGO MARIÑO', 'PQ. SAMAN DE GUERE', '', 0, 0, NULL, NULL),
(0, 0, '', 'MP. SANTIAGO MARIÑO', 'PQ. SAMAN DE GUERE', '', 0, 0, NULL, NULL),
(0, 0, '', 'MP. SANTIAGO MARIÑO', 'PQ. SAMAN DE GUERE', '', 0, 0, NULL, NULL),
(0, 0, '', 'MP. SANTIAGO MARIÑO', 'PQ. SAMAN DE GUERE', '', 0, 0, NULL, NULL),
(0, 0, '', 'MP. SANTIAGO MARIÑO', 'PQ. SAMAN DE GUERE', '', 0, 0, NULL, NULL),
(0, 0, '', 'MP. SANTIAGO MARIÑO', 'PQ. ALFREDO PACHECO M', '', 0, 0, NULL, NULL),
(0, 0, '', 'MP. SANTIAGO MARIÑO', 'PQ. ALFREDO PACHECO M', '', 0, 0, NULL, NULL),
(0, 0, '', 'MP. SANTIAGO MARIÑO', 'PQ. ALFREDO PACHECO M', '', 0, 0, NULL, NULL),
(0, 0, '', 'MP. SANTIAGO MARIÑO', 'PQ. ALFREDO PACHECO M', '', 0, 0, NULL, NULL),
(0, 0, '', 'MP. SANTIAGO MARIÑO', 'PQ. ALFREDO PACHECO M', '', 0, 0, NULL, NULL),
(0, 0, '', 'MP. SANTIAGO MARIÑO', 'PQ. ALFREDO PACHECO M', '', 0, 0, NULL, NULL),
(0, 0, '', 'MP. SANTIAGO MARIÑO', 'PQ. CHUAO', '', 0, 0, NULL, NULL),
(0, 0, '', 'MP. SANTIAGO MARIÑO', 'PQ. CHUAO', '', 0, 0, NULL, NULL),
(0, 0, '', 'MP. SANTIAGO MARIÑO', 'PQ. AREVALO APONTE', '', 0, 0, NULL, NULL),
(0, 0, '', 'MP. SANTIAGO MARIÑO', 'PQ. AREVALO APONTE', '', 0, 0, NULL, NULL),
(0, 0, '', 'MP. SANTIAGO MARIÑO', 'PQ. AREVALO APONTE', '', 0, 0, NULL, NULL),
(0, 0, '', 'MP. SANTIAGO MARIÑO', 'PQ. AREVALO APONTE', '', 0, 0, NULL, NULL),
(0, 0, '', 'MP. SANTIAGO MARIÑO', 'PQ. AREVALO APONTE', '', 0, 0, NULL, NULL),
(0, 0, '', 'MP. SANTIAGO MARIÑO', 'PQ. AREVALO APONTE', '', 0, 0, NULL, NULL),
(0, 0, '', 'MP. SANTIAGO MARIÑO', 'PQ. AREVALO APONTE', '', 0, 0, NULL, NULL),
(0, 0, '', 'MP. SANTIAGO MARIÑO', 'PQ. AREVALO APONTE', '', 0, 0, NULL, NULL),
(0, 0, '', 'MP. SANTIAGO MARIÑO', 'PQ. AREVALO APONTE', '', 0, 0, NULL, NULL),
(0, 0, '', 'MP. SANTIAGO MARIÑO', 'PQ. AREVALO APONTE', '', 0, 0, NULL, NULL),
(0, 0, '', 'MP. SANTIAGO MARIÑO', 'PQ. AREVALO APONTE', '', 0, 0, NULL, NULL),
(0, 0, '', 'MP. SANTIAGO MARIÑO', 'PQ. AREVALO APONTE', '', 0, 0, NULL, NULL),
(0, 0, '', 'MP. SANTIAGO MARIÑO', 'PQ. AREVALO APONTE', '', 0, 0, NULL, NULL),
(0, 0, '', 'MP. SANTIAGO MARIÑO', 'PQ. AREVALO APONTE', '', 0, 0, NULL, NULL),
(0, 0, '', 'MP. SANTIAGO MARIÑO', 'PQ. AREVALO APONTE', '', 0, 0, NULL, NULL),
(0, 0, '', 'MP. SANTIAGO MARIÑO', 'PQ. AREVALO APONTE', '', 0, 0, NULL, NULL),
(0, 0, '', 'MP. SANTIAGO MARIÑO', 'PQ. AREVALO APONTE', '', 0, 0, NULL, NULL),
(0, 0, '', 'MP. JOSE FELIX RIBAS', 'CM. JUAN VICENTE BOLIVAR', '', 0, 0, NULL, NULL),
(0, 0, '', 'MP. JOSE FELIX RIBAS', 'CM. JUAN VICENTE BOLIVAR', '', 0, 0, NULL, NULL),
(0, 0, '', 'MP. JOSE FELIX RIBAS', 'CM. JUAN VICENTE BOLIVAR', '', 0, 0, NULL, NULL),
(0, 0, '', 'MP. JOSE FELIX RIBAS', 'CM. JUAN VICENTE BOLIVAR', '', 0, 0, NULL, NULL),
(0, 0, '', 'MP. JOSE FELIX RIBAS', 'CM. JUAN VICENTE BOLIVAR', '', 0, 0, NULL, NULL),
(0, 0, '', 'MP. JOSE FELIX RIBAS', 'CM. JUAN VICENTE BOLIVAR', '', 0, 0, NULL, NULL),
(0, 0, '', 'MP. JOSE FELIX RIBAS', 'CM. JUAN VICENTE BOLIVAR', '', 0, 0, NULL, NULL),
(0, 0, '', 'MP. JOSE FELIX RIBAS', 'CM. JUAN VICENTE BOLIVAR', '', 0, 0, NULL, NULL),
(0, 0, '', 'MP. JOSE FELIX RIBAS', 'CM. JUAN VICENTE BOLIVAR', '', 0, 0, NULL, NULL),
(0, 0, '', 'MP. JOSE FELIX RIBAS', 'CM. JUAN VICENTE BOLIVAR', '', 0, 0, NULL, NULL),
(0, 0, '', 'MP. JOSE FELIX RIBAS', 'CM. JUAN VICENTE BOLIVAR', '', 0, 0, NULL, NULL),
(0, 0, '', 'MP. JOSE FELIX RIBAS', 'CM. JUAN VICENTE BOLIVAR', '', 0, 0, NULL, NULL),
(0, 0, '', 'MP. JOSE FELIX RIBAS', 'CM. JUAN VICENTE BOLIVAR', '', 0, 0, NULL, NULL),
(0, 0, '', 'MP. JOSE FELIX RIBAS', 'CM. JUAN VICENTE BOLIVAR', '', 0, 0, NULL, NULL),
(0, 0, '', 'MP. JOSE FELIX RIBAS', 'CM. JUAN VICENTE BOLIVAR', '', 0, 0, NULL, NULL),
(0, 0, '', 'MP. JOSE FELIX RIBAS', 'CM. JUAN VICENTE BOLIVAR', '', 0, 0, NULL, NULL),
(0, 0, '', 'MP. JOSE FELIX RIBAS', 'CM. JUAN VICENTE BOLIVAR', '', 0, 0, NULL, NULL),
(0, 0, '', 'MP. JOSE FELIX RIBAS', 'CM. JUAN VICENTE BOLIVAR', '', 0, 0, NULL, NULL),
(0, 0, '', 'MP. JOSE FELIX RIBAS', 'CM. JUAN VICENTE BOLIVAR', '', 0, 0, NULL, NULL),
(0, 0, '', 'MP. JOSE FELIX RIBAS', 'PQ. ZUATA', '', 0, 0, NULL, NULL),
(0, 0, '', 'MP. JOSE FELIX RIBAS', 'PQ. ZUATA', '', 0, 0, NULL, NULL),
(0, 0, '', 'MP. JOSE FELIX RIBAS', 'PQ. ZUATA', '', 0, 0, NULL, NULL),
(0, 0, '', 'MP. JOSE FELIX RIBAS', 'PQ. ZUATA', '', 0, 0, NULL, NULL),
(0, 0, '', 'MP. JOSE FELIX RIBAS', 'PQ. ZUATA', '', 0, 0, NULL, NULL),
(0, 0, '', 'MP. JOSE FELIX RIBAS', 'PQ. ZUATA', '', 0, 0, NULL, NULL),
(0, 0, '', 'MP. JOSE FELIX RIBAS', 'PQ. ZUATA', '', 0, 0, NULL, NULL),
(0, 0, '', 'MP. JOSE FELIX RIBAS', 'PQ. ZUATA', '', 0, 0, NULL, NULL),
(0, 0, '', 'MP. JOSE FELIX RIBAS', 'PQ. ZUATA', '', 0, 0, NULL, NULL),
(0, 0, '', 'MP. JOSE FELIX RIBAS', 'PQ. ZUATA', '', 0, 0, NULL, NULL),
(0, 0, '', 'MP. JOSE FELIX RIBAS', 'PQ. ZUATA', '', 0, 0, NULL, NULL),
(0, 0, '', 'MP. JOSE FELIX RIBAS', 'PQ. ZUATA', '', 0, 0, NULL, NULL),
(0, 0, '', 'MP. JOSE FELIX RIBAS', 'PQ. PAO DE ZARATE', '', 0, 0, NULL, NULL),
(0, 0, '', 'MP. JOSE FELIX RIBAS', 'PQ. CASTOR NIEVES RIOS', '', 0, 0, NULL, NULL),
(0, 0, '', 'MP. JOSE FELIX RIBAS', 'PQ. CASTOR NIEVES RIOS', '', 0, 0, NULL, NULL),
(0, 0, '', 'MP. JOSE FELIX RIBAS', 'PQ. CASTOR NIEVES RIOS', '', 0, 0, NULL, NULL),
(0, 0, '', 'MP. JOSE FELIX RIBAS', 'PQ. CASTOR NIEVES RIOS', '', 0, 0, NULL, NULL),
(0, 0, '', 'MP. JOSE FELIX RIBAS', 'PQ. CASTOR NIEVES RIOS', '', 0, 0, NULL, NULL),
(0, 0, '', 'MP. JOSE FELIX RIBAS', 'PQ. CASTOR NIEVES RIOS', '', 0, 0, NULL, NULL),
(0, 0, '', 'MP. JOSE FELIX RIBAS', 'PQ. CASTOR NIEVES RIOS', '', 0, 0, NULL, NULL),
(0, 0, '', 'MP. JOSE FELIX RIBAS', 'PQ. CASTOR NIEVES RIOS', '', 0, 0, NULL, NULL),
(0, 0, '', 'MP. JOSE FELIX RIBAS', 'PQ. CASTOR NIEVES RIOS', '', 0, 0, NULL, NULL),
(0, 0, '', 'MP. JOSE FELIX RIBAS', 'PQ. CASTOR NIEVES RIOS', '', 0, 0, NULL, NULL),
(0, 0, '', 'MP. JOSE FELIX RIBAS', 'PQ. CASTOR NIEVES RIOS', '', 0, 0, NULL, NULL),
(0, 0, '', 'MP. JOSE FELIX RIBAS', 'PQ. LAS GUACAMAYAS', '', 0, 0, NULL, NULL),
(0, 0, '', 'MP. JOSE FELIX RIBAS', 'PQ. LAS GUACAMAYAS', '', 0, 0, NULL, NULL),
(0, 0, '', 'MP. SAN CASIMIRO', 'CM. SAN CASIMIRO', '', 0, 0, NULL, NULL),
(0, 0, '', 'MP. SAN CASIMIRO', 'CM. SAN CASIMIRO', '', 0, 0, NULL, NULL),
(0, 0, '', 'MP. SAN CASIMIRO', 'CM. SAN CASIMIRO', '', 0, 0, NULL, NULL),
(0, 0, '', 'MP. SAN CASIMIRO', 'CM. SAN CASIMIRO', '', 0, 0, NULL, NULL),
(0, 0, '', 'MP. SAN CASIMIRO', 'CM. SAN CASIMIRO', '', 0, 0, NULL, NULL),
(0, 0, '', 'MP. SAN CASIMIRO', 'CM. SAN CASIMIRO', '', 0, 0, NULL, NULL),
(0, 0, '', 'MP. SAN CASIMIRO', 'CM. SAN CASIMIRO', '', 0, 0, NULL, NULL),
(0, 0, '', 'MP. SAN CASIMIRO', 'CM. SAN CASIMIRO', '', 0, 0, NULL, NULL),
(0, 0, '', 'MP. SAN CASIMIRO', 'CM. SAN CASIMIRO', '', 0, 0, NULL, NULL),
(0, 0, '', 'MP. SAN CASIMIRO', 'CM. SAN CASIMIRO', '', 0, 0, NULL, NULL),
(0, 0, '', 'MP. SAN CASIMIRO', 'CM. SAN CASIMIRO', '', 0, 0, NULL, NULL),
(0, 0, '', 'MP. SAN CASIMIRO', 'CM. SAN CASIMIRO', '', 0, 0, NULL, NULL),
(0, 0, '', 'MP. SAN CASIMIRO', 'CM. SAN CASIMIRO', '', 0, 0, NULL, NULL),
(0, 0, '', 'MP. SAN CASIMIRO', 'CM. SAN CASIMIRO', '', 0, 0, NULL, NULL),
(0, 0, '', 'MP. SAN CASIMIRO', 'CM. SAN CASIMIRO', '', 0, 0, NULL, NULL),
(0, 0, '', 'MP. SAN CASIMIRO', 'PQ. VALLE MORIN', '', 0, 0, NULL, NULL),
(0, 0, '', 'MP. SAN CASIMIRO', 'PQ. VALLE MORIN', '', 0, 0, NULL, NULL),
(0, 0, '', 'MP. SAN CASIMIRO', 'PQ. GUIRIPA', '', 0, 0, NULL, NULL),
(0, 0, '', 'MP. SAN CASIMIRO', 'PQ. GUIRIPA', '', 0, 0, NULL, NULL),
(0, 0, '', 'MP. SAN CASIMIRO', 'PQ. GUIRIPA', '', 0, 0, NULL, NULL),
(0, 0, '', 'MP. SAN CASIMIRO', 'PQ. OLLAS DE CARAMACATE', '', 0, 0, NULL, NULL),
(0, 0, '', 'MP. SAN CASIMIRO', 'PQ. OLLAS DE CARAMACATE', '', 0, 0, NULL, NULL),
(0, 0, '', 'MP. SAN CASIMIRO', 'PQ. OLLAS DE CARAMACATE', '', 0, 0, NULL, NULL),
(0, 0, '', 'MP. SAN SEBASTIAN', 'CM. SAN SEBASTIAN', '', 0, 0, NULL, NULL),
(0, 0, '', 'MP. SAN SEBASTIAN', 'CM. SAN SEBASTIAN', '', 0, 0, NULL, NULL),
(0, 0, '', 'MP. SAN SEBASTIAN', 'CM. SAN SEBASTIAN', '', 0, 0, NULL, NULL),
(0, 0, '', 'MP. SAN SEBASTIAN', 'CM. SAN SEBASTIAN', '', 0, 0, NULL, NULL),
(0, 0, '', 'MP. SAN SEBASTIAN', 'CM. SAN SEBASTIAN', '', 0, 0, NULL, NULL),
(0, 0, '', 'MP. SAN SEBASTIAN', 'CM. SAN SEBASTIAN', '', 0, 0, NULL, NULL),
(0, 0, '', 'MP. SAN SEBASTIAN', 'CM. SAN SEBASTIAN', '', 0, 0, NULL, NULL),
(0, 0, '', 'MP. SAN SEBASTIAN', 'CM. SAN SEBASTIAN', '', 0, 0, NULL, NULL),
(0, 0, '', 'MP. SAN SEBASTIAN', 'CM. SAN SEBASTIAN', '', 0, 0, NULL, NULL),
(0, 0, '', 'MP. SAN SEBASTIAN', 'CM. SAN SEBASTIAN', '', 0, 0, NULL, NULL),
(0, 0, '', 'MP. SAN SEBASTIAN', 'CM. SAN SEBASTIAN', '', 0, 0, NULL, NULL),
(0, 0, '', 'MP. SAN SEBASTIAN', 'CM. SAN SEBASTIAN', '', 0, 0, NULL, NULL),
(0, 0, '', 'MP. SAN SEBASTIAN', 'CM. SAN SEBASTIAN', '', 0, 0, NULL, NULL),
(0, 0, '', 'MP. SAN SEBASTIAN', 'CM. SAN SEBASTIAN', '', 0, 0, NULL, NULL),
(0, 0, '', 'MP. SUCRE', 'CM. CAGUA', '', 0, 0, NULL, NULL),
(0, 0, '', 'MP. SUCRE', 'CM. CAGUA', '', 0, 0, NULL, NULL),
(0, 0, '', 'MP. SUCRE', 'CM. CAGUA', '', 0, 0, NULL, NULL),
(0, 0, '', 'MP. SUCRE', 'CM. CAGUA', '', 0, 0, NULL, NULL),
(0, 0, '', 'MP. SUCRE', 'CM. CAGUA', '', 0, 0, NULL, NULL),
(0, 0, '', 'MP. SUCRE', 'CM. CAGUA', '', 0, 0, NULL, NULL),
(0, 0, '', 'MP. SUCRE', 'CM. CAGUA', '', 0, 0, NULL, NULL),
(0, 0, '', 'MP. SUCRE', 'CM. CAGUA', '', 0, 0, NULL, NULL),
(0, 0, '', 'MP. SUCRE', 'CM. CAGUA', '', 0, 0, NULL, NULL),
(0, 0, '', 'MP. SUCRE', 'CM. CAGUA', '', 0, 0, NULL, NULL),
(0, 0, '', 'MP. SUCRE', 'CM. CAGUA', '', 0, 0, NULL, NULL),
(0, 0, '', 'MP. SUCRE', 'CM. CAGUA', '', 0, 0, NULL, NULL),
(0, 0, '', 'MP. SUCRE', 'CM. CAGUA', '', 0, 0, NULL, NULL),
(0, 0, '', 'MP. SUCRE', 'CM. CAGUA', '', 0, 0, NULL, NULL),
(0, 0, '', 'MP. SUCRE', 'CM. CAGUA', '', 0, 0, NULL, NULL),
(0, 0, '', 'MP. SUCRE', 'CM. CAGUA', '', 0, 0, NULL, NULL),
(0, 0, '', 'MP. SUCRE', 'CM. CAGUA', '', 0, 0, NULL, NULL),
(0, 0, '', 'MP. SUCRE', 'CM. CAGUA', '', 0, 0, NULL, NULL),
(0, 0, '', 'MP. SUCRE', 'CM. CAGUA', '', 0, 0, NULL, NULL),
(0, 0, '', 'MP. SUCRE', 'CM. CAGUA', '', 0, 0, NULL, NULL),
(0, 0, '', 'MP. SUCRE', 'CM. CAGUA', '', 0, 0, NULL, NULL),
(0, 0, '', 'MP. SUCRE', 'CM. CAGUA', '', 0, 0, NULL, NULL),
(0, 0, '', 'MP. SUCRE', 'CM. CAGUA', '', 0, 0, NULL, NULL),
(0, 0, '', 'MP. SUCRE', 'CM. CAGUA', '', 0, 0, NULL, NULL),
(0, 0, '', 'MP. SUCRE', 'CM. CAGUA', '', 0, 0, NULL, NULL),
(0, 0, '', 'MP. SUCRE', 'CM. CAGUA', '', 0, 0, NULL, NULL),
(0, 0, '', 'MP. SUCRE', 'CM. CAGUA', '', 0, 0, NULL, NULL),
(0, 0, '', 'MP. SUCRE', 'CM. CAGUA', '', 0, 0, NULL, NULL),
(0, 0, '', 'MP. SUCRE', 'PQ. BELLA VISTA', '', 0, 0, NULL, NULL),
(0, 0, '', 'MP. SUCRE', 'PQ. BELLA VISTA', '', 0, 0, NULL, NULL),
(0, 0, '', 'MP. SUCRE', 'PQ. BELLA VISTA', '', 0, 0, NULL, NULL),
(0, 0, '', 'MP. SUCRE', 'PQ. BELLA VISTA', '', 0, 0, NULL, NULL),
(0, 0, '', 'MP. URDANETA', 'CM. BARBACOAS', '', 0, 0, NULL, NULL),
(0, 0, '', 'MP. URDANETA', 'CM. BARBACOAS', '', 0, 0, NULL, NULL),
(0, 0, '', 'MP. URDANETA', 'CM. BARBACOAS', '', 0, 0, NULL, NULL),
(0, 0, '', 'MP. URDANETA', 'CM. BARBACOAS', '', 0, 0, NULL, NULL),
(0, 0, '', 'MP. URDANETA', 'CM. BARBACOAS', '', 0, 0, NULL, NULL),
(0, 0, '', 'MP. URDANETA', 'CM. BARBACOAS', '', 0, 0, NULL, NULL),
(0, 0, '', 'MP. URDANETA', 'CM. BARBACOAS', '', 0, 0, NULL, NULL),
(0, 0, '', 'MP. URDANETA', 'CM. BARBACOAS', '', 0, 0, NULL, NULL),
(0, 0, '', 'MP. URDANETA', 'CM. BARBACOAS', '', 0, 0, NULL, NULL),
(0, 0, '', 'MP. URDANETA', 'PQ. SAN FRANCISCO DE CARA', '', 0, 0, NULL, NULL),
(0, 0, '', 'MP. URDANETA', 'PQ. SAN FRANCISCO DE CARA', '', 0, 0, NULL, NULL),
(0, 0, '', 'MP. URDANETA', 'PQ. TAGUAY', '', 0, 0, NULL, NULL),
(0, 0, '', 'MP. URDANETA', 'PQ. TAGUAY', '', 0, 0, NULL, NULL),
(0, 0, '', 'MP. URDANETA', 'PQ. TAGUAY', '', 0, 0, NULL, NULL),
(0, 0, '', 'MP. URDANETA', 'PQ. TAGUAY', '', 0, 0, NULL, NULL),
(0, 0, '', 'MP. URDANETA', 'PQ. LAS PEÑITAS', '', 0, 0, NULL, NULL),
(0, 0, '', 'MP. URDANETA', 'PQ. LAS PEÑITAS', '', 0, 0, NULL, NULL),
(0, 0, '', 'MP. URDANETA', 'PQ. LAS PEÑITAS', '', 0, 0, NULL, NULL),
(0, 0, '', 'MP. ZAMORA', 'CM. VILLA DE CURA', '', 0, 0, NULL, NULL),
(0, 0, '', 'MP. ZAMORA', 'CM. VILLA DE CURA', '', 0, 0, NULL, NULL),
(0, 0, '', 'MP. ZAMORA', 'CM. VILLA DE CURA', '', 0, 0, NULL, NULL),
(0, 0, '', 'MP. ZAMORA', 'CM. VILLA DE CURA', '', 0, 0, NULL, NULL),
(0, 0, '', 'MP. ZAMORA', 'CM. VILLA DE CURA', '', 0, 0, NULL, NULL),
(0, 0, '', 'MP. ZAMORA', 'CM. VILLA DE CURA', '', 0, 0, NULL, NULL),
(0, 0, '', 'MP. ZAMORA', 'CM. VILLA DE CURA', '', 0, 0, NULL, NULL),
(0, 0, '', 'MP. ZAMORA', 'CM. VILLA DE CURA', '', 0, 0, NULL, NULL),
(0, 0, '', 'MP. ZAMORA', 'CM. VILLA DE CURA', '', 0, 0, NULL, NULL),
(0, 0, '', 'MP. ZAMORA', 'CM. VILLA DE CURA', '', 0, 0, NULL, NULL),
(0, 0, '', 'MP. ZAMORA', 'CM. VILLA DE CURA', '', 0, 0, NULL, NULL),
(0, 0, '', 'MP. ZAMORA', 'CM. VILLA DE CURA', '', 0, 0, NULL, NULL),
(0, 0, '', 'MP. ZAMORA', 'CM. VILLA DE CURA', '', 0, 0, NULL, NULL),
(0, 0, '', 'MP. ZAMORA', 'CM. VILLA DE CURA', '', 0, 0, NULL, NULL),
(0, 0, '', 'MP. ZAMORA', 'CM. VILLA DE CURA', '', 0, 0, NULL, NULL),
(0, 0, '', 'MP. ZAMORA', 'CM. VILLA DE CURA', '', 0, 0, NULL, NULL),
(0, 0, '', 'MP. ZAMORA', 'CM. VILLA DE CURA', '', 0, 0, NULL, NULL),
(0, 0, '', 'MP. ZAMORA', 'CM. VILLA DE CURA', '', 0, 0, NULL, NULL),
(0, 0, '', 'MP. ZAMORA', 'CM. VILLA DE CURA', '', 0, 0, NULL, NULL),
(0, 0, '', 'MP. ZAMORA', 'CM. VILLA DE CURA', '', 0, 0, NULL, NULL),
(0, 0, '', 'MP. ZAMORA', 'CM. VILLA DE CURA', '', 0, 0, NULL, NULL),
(0, 0, '', 'MP. ZAMORA', 'CM. VILLA DE CURA', '', 0, 0, NULL, NULL),
(0, 0, '', 'MP. ZAMORA', 'CM. VILLA DE CURA', '', 0, 0, NULL, NULL),
(0, 0, '', 'MP. ZAMORA', 'CM. VILLA DE CURA', '', 0, 0, NULL, NULL),
(0, 0, '', 'MP. ZAMORA', 'CM. VILLA DE CURA', '', 0, 0, NULL, NULL),
(0, 0, '', 'MP. ZAMORA', 'CM. VILLA DE CURA', '', 0, 0, NULL, NULL),
(0, 0, '', 'MP. ZAMORA', 'CM. VILLA DE CURA', '', 0, 0, NULL, NULL),
(0, 0, '', 'MP. ZAMORA', 'CM. VILLA DE CURA', '', 0, 0, NULL, NULL),
(0, 0, '', 'MP. ZAMORA', 'CM. VILLA DE CURA', '', 0, 0, NULL, NULL),
(0, 0, '', 'MP. ZAMORA', 'CM. VILLA DE CURA', '', 0, 0, NULL, NULL),
(0, 0, '', 'MP. ZAMORA', 'CM. VILLA DE CURA', '', 0, 0, NULL, NULL),
(0, 0, '', 'MP. ZAMORA', 'CM. VILLA DE CURA', '', 0, 0, NULL, NULL),
(0, 0, '', 'MP. ZAMORA', 'CM. VILLA DE CURA', '', 0, 0, NULL, NULL),
(0, 0, '', 'MP. ZAMORA', 'CM. VILLA DE CURA', '', 0, 0, NULL, NULL),
(0, 0, '', 'MP. ZAMORA', 'CM. VILLA DE CURA', '', 0, 0, NULL, NULL),
(0, 0, '', 'MP. ZAMORA', 'CM. VILLA DE CURA', '', 0, 0, NULL, NULL),
(0, 0, '', 'MP. ZAMORA', 'CM. VILLA DE CURA', '', 0, 0, NULL, NULL),
(0, 0, '', 'MP. ZAMORA', 'CM. VILLA DE CURA', '', 0, 0, NULL, NULL),
(0, 0, '', 'MP. ZAMORA', 'PQ. MAGDALENO', '', 0, 0, NULL, NULL),
(0, 0, '', 'MP. ZAMORA', 'PQ. MAGDALENO', '', 0, 0, NULL, NULL),
(0, 0, '', 'MP. ZAMORA', 'PQ. MAGDALENO', '', 0, 0, NULL, NULL),
(0, 0, '', 'MP. ZAMORA', 'PQ. MAGDALENO', '', 0, 0, NULL, NULL),
(0, 0, '', 'MP. ZAMORA', 'PQ. MAGDALENO', '', 0, 0, NULL, NULL),
(0, 0, '', 'MP. ZAMORA', 'PQ. MAGDALENO', '', 0, 0, NULL, NULL),
(0, 0, '', 'MP. ZAMORA', 'PQ. MAGDALENO', '', 0, 0, NULL, NULL),
(0, 0, '', 'MP. ZAMORA', 'PQ. MAGDALENO', '', 0, 0, NULL, NULL),
(0, 0, '', 'MP. ZAMORA', 'PQ. SAN FRANCISCO DE ASIS', '', 0, 0, NULL, NULL),
(0, 0, '', 'MP. ZAMORA', 'PQ. SAN FRANCISCO DE ASIS', '', 0, 0, NULL, NULL),
(0, 0, '', 'MP. ZAMORA', 'PQ. SAN FRANCISCO DE ASIS', '', 0, 0, NULL, NULL),
(0, 0, '', 'MP. ZAMORA', 'PQ. SAN FRANCISCO DE ASIS', '', 0, 0, NULL, NULL),
(0, 0, '', 'MP. ZAMORA', 'PQ. SAN FRANCISCO DE ASIS', '', 0, 0, NULL, NULL),
(0, 0, '', 'MP. ZAMORA', 'PQ. SAN FRANCISCO DE ASIS', '', 0, 0, NULL, NULL),
(0, 0, '', 'MP. ZAMORA', 'PQ. SAN FRANCISCO DE ASIS', '', 0, 0, NULL, NULL),
(0, 0, '', 'MP. ZAMORA', 'PQ. SAN FRANCISCO DE ASIS', '', 0, 0, NULL, NULL),
(0, 0, '', 'MP. ZAMORA', 'PQ. SAN FRANCISCO DE ASIS', '', 0, 0, NULL, NULL),
(0, 0, '', 'MP. ZAMORA', 'PQ. VALLES DE TUCUTUNEMO', '', 0, 0, NULL, NULL),
(0, 0, '', 'MP. ZAMORA', 'PQ. VALLES DE TUCUTUNEMO', '', 0, 0, NULL, NULL),
(0, 0, '', 'MP. ZAMORA', 'PQ. VALLES DE TUCUTUNEMO', '', 0, 0, NULL, NULL),
(0, 0, '', 'MP. ZAMORA', 'PQ. PQ AUGUSTO MIJARES', '', 0, 0, NULL, NULL),
(0, 0, '', 'MP. ZAMORA', 'PQ. PQ AUGUSTO MIJARES', '', 0, 0, NULL, NULL),
(0, 0, '', 'MP. ZAMORA', 'PQ. PQ AUGUSTO MIJARES', '', 0, 0, NULL, NULL),
(0, 0, '', 'MP. ZAMORA', 'PQ. PQ AUGUSTO MIJARES', '', 0, 0, NULL, NULL),
(0, 0, '', 'MP. ZAMORA', 'PQ. PQ AUGUSTO MIJARES', '', 0, 0, NULL, NULL),
(0, 0, '', 'MP. LIBERTADOR', 'CM. PALO NEGRO', '', 0, 0, NULL, NULL),
(0, 0, '', 'MP. LIBERTADOR', 'CM. PALO NEGRO', '', 0, 0, NULL, NULL),
(0, 0, '', 'MP. LIBERTADOR', 'CM. PALO NEGRO', '', 0, 0, NULL, NULL),
(0, 0, '', 'MP. LIBERTADOR', 'CM. PALO NEGRO', '', 0, 0, NULL, NULL),
(0, 0, '', 'MP. LIBERTADOR', 'CM. PALO NEGRO', '', 0, 0, NULL, NULL),
(0, 0, '', 'MP. LIBERTADOR', 'CM. PALO NEGRO', '', 0, 0, NULL, NULL),
(0, 0, '', 'MP. LIBERTADOR', 'CM. PALO NEGRO', '', 0, 0, NULL, NULL),
(0, 0, '', 'MP. LIBERTADOR', 'CM. PALO NEGRO', '', 0, 0, NULL, NULL),
(0, 0, '', 'MP. LIBERTADOR', 'CM. PALO NEGRO', '', 0, 0, NULL, NULL),
(0, 0, '', 'MP. LIBERTADOR', 'CM. PALO NEGRO', '', 0, 0, NULL, NULL),
(0, 0, '', 'MP. LIBERTADOR', 'CM. PALO NEGRO', '', 0, 0, NULL, NULL),
(0, 0, '', 'MP. LIBERTADOR', 'CM. PALO NEGRO', '', 0, 0, NULL, NULL),
(0, 0, '', 'MP. LIBERTADOR', 'CM. PALO NEGRO', '', 0, 0, NULL, NULL),
(0, 0, '', 'MP. LIBERTADOR', 'CM. PALO NEGRO', '', 0, 0, NULL, NULL),
(0, 0, '', 'MP. LIBERTADOR', 'PQ. SAN MARTIN DE PORRES', '', 0, 0, NULL, NULL),
(0, 0, '', 'MP. LIBERTADOR', 'PQ. SAN MARTIN DE PORRES', '', 0, 0, NULL, NULL),
(0, 0, '', 'MP. LIBERTADOR', 'PQ. SAN MARTIN DE PORRES', '', 0, 0, NULL, NULL),
(0, 0, '', 'MP. LIBERTADOR', 'PQ. SAN MARTIN DE PORRES', '', 0, 0, NULL, NULL),
(0, 0, '', 'MP. LIBERTADOR', 'PQ. SAN MARTIN DE PORRES', '', 0, 0, NULL, NULL),
(0, 0, '', 'MP. LIBERTADOR', 'PQ. SAN MARTIN DE PORRES', '', 0, 0, NULL, NULL),
(0, 0, '', 'MP. LIBERTADOR', 'PQ. SAN MARTIN DE PORRES', '', 0, 0, NULL, NULL),
(0, 0, '', 'MP. LIBERTADOR', 'PQ. SAN MARTIN DE PORRES', '', 0, 0, NULL, NULL),
(0, 0, '', 'MP. LIBERTADOR', 'PQ. SAN MARTIN DE PORRES', '', 0, 0, NULL, NULL),
(0, 0, '', 'MP. LIBERTADOR', 'PQ. SAN MARTIN DE PORRES', '', 0, 0, NULL, NULL),
(0, 0, '', 'MP. LIBERTADOR', 'PQ. SAN MARTIN DE PORRES', '', 0, 0, NULL, NULL),
(0, 0, '', 'MP. LIBERTADOR', 'PQ. SAN MARTIN DE PORRES', '', 0, 0, NULL, NULL),
(0, 0, '', 'MP. LIBERTADOR', 'PQ. SAN MARTIN DE PORRES', '', 0, 0, NULL, NULL),
(0, 0, '', 'MP. LIBERTADOR', 'PQ. SAN MARTIN DE PORRES', '', 0, 0, NULL, NULL),
(0, 0, '', 'MP. LIBERTADOR', 'PQ. SAN MARTIN DE PORRES', '', 0, 0, NULL, NULL),
(0, 0, '', 'MP. LIBERTADOR', 'PQ. SAN MARTIN DE PORRES', '', 0, 0, NULL, NULL),
(0, 0, '', 'MP. LIBERTADOR', 'PQ. SAN MARTIN DE PORRES', '', 0, 0, NULL, NULL),
(0, 0, '', 'MP. LIBERTADOR', 'PQ. SAN MARTIN DE PORRES', '', 0, 0, NULL, NULL),
(0, 0, '', 'MP. LIBERTADOR', 'PQ. SAN MARTIN DE PORRES', '', 0, 0, NULL, NULL),
(0, 0, '', 'MP. JOSE ANGEL LAMAS', 'CM. SANTA CRUZ', '', 0, 0, NULL, NULL),
(0, 0, '', 'MP. JOSE ANGEL LAMAS', 'CM. SANTA CRUZ', '', 0, 0, NULL, NULL),
(0, 0, '', 'MP. JOSE ANGEL LAMAS', 'CM. SANTA CRUZ', '', 0, 0, NULL, NULL),
(0, 0, '', 'MP. JOSE ANGEL LAMAS', 'CM. SANTA CRUZ', '', 0, 0, NULL, NULL),
(0, 0, '', 'MP. JOSE ANGEL LAMAS', 'CM. SANTA CRUZ', '', 0, 0, NULL, NULL),
(0, 0, '', 'MP. JOSE ANGEL LAMAS', 'CM. SANTA CRUZ', '', 0, 0, NULL, NULL),
(0, 0, '', 'MP. JOSE ANGEL LAMAS', 'CM. SANTA CRUZ', '', 0, 0, NULL, NULL),
(0, 0, '', 'MP. JOSE ANGEL LAMAS', 'CM. SANTA CRUZ', '', 0, 0, NULL, NULL),
(0, 0, '', 'MP. JOSE ANGEL LAMAS', 'CM. SANTA CRUZ', '', 0, 0, NULL, NULL),
(0, 0, '', 'MP. JOSE ANGEL LAMAS', 'CM. SANTA CRUZ', '', 0, 0, NULL, NULL),
(0, 0, '', 'MP. JOSE ANGEL LAMAS', 'CM. SANTA CRUZ', '', 0, 0, NULL, NULL),
(0, 0, '', 'MP. JOSE ANGEL LAMAS', 'CM. SANTA CRUZ', '', 0, 0, NULL, NULL),
(0, 0, '', 'MP. JOSE ANGEL LAMAS', 'CM. SANTA CRUZ', '', 0, 0, NULL, NULL),
(0, 0, '', 'MP. BOLIVAR', 'CM. SAN MATEO', '', 0, 0, NULL, NULL),
(0, 0, '', 'MP. BOLIVAR', 'CM. SAN MATEO', '', 0, 0, NULL, NULL),
(0, 0, '', 'MP. BOLIVAR', 'CM. SAN MATEO', '', 0, 0, NULL, NULL),
(0, 0, '', 'MP. BOLIVAR', 'CM. SAN MATEO', '', 0, 0, NULL, NULL),
(0, 0, '', 'MP. BOLIVAR', 'CM. SAN MATEO', '', 0, 0, NULL, NULL),
(0, 0, '', 'MP. BOLIVAR', 'CM. SAN MATEO', '', 0, 0, NULL, NULL),
(0, 0, '', 'MP. BOLIVAR', 'CM. SAN MATEO', '', 0, 0, NULL, NULL),
(0, 0, '', 'MP. BOLIVAR', 'CM. SAN MATEO', '', 0, 0, NULL, NULL),
(0, 0, '', 'MP. BOLIVAR', 'CM. SAN MATEO', '', 0, 0, NULL, NULL),
(0, 0, '', 'MP. BOLIVAR', 'CM. SAN MATEO', '', 0, 0, NULL, NULL),
(0, 0, '', 'MP. BOLIVAR', 'CM. SAN MATEO', '', 0, 0, NULL, NULL),
(0, 0, '', 'MP. BOLIVAR', 'CM. SAN MATEO', '', 0, 0, NULL, NULL),
(0, 0, '', 'MP. BOLIVAR', 'CM. SAN MATEO', '', 0, 0, NULL, NULL),
(0, 0, '', 'MP. BOLIVAR', 'CM. SAN MATEO', '', 0, 0, NULL, NULL),
(0, 0, '', 'MP. BOLIVAR', 'CM. SAN MATEO', '', 0, 0, NULL, NULL),
(0, 0, '', 'MP. BOLIVAR', 'CM. SAN MATEO', '', 0, 0, NULL, NULL),
(0, 0, '', 'MP. BOLIVAR', 'CM. SAN MATEO', '', 0, 0, NULL, NULL),
(0, 0, '', 'MP. BOLIVAR', 'CM. SAN MATEO', '', 0, 0, NULL, NULL),
(0, 0, '', 'MP. BOLIVAR', 'CM. SAN MATEO', '', 0, 0, NULL, NULL),
(0, 0, '', 'MP. BOLIVAR', 'CM. SAN MATEO', '', 0, 0, NULL, NULL),
(0, 0, '', 'MP. SANTOS MICHELENA', 'CM. LAS TEJERIAS', '', 0, 0, NULL, NULL),
(0, 0, '', 'MP. SANTOS MICHELENA', 'CM. LAS TEJERIAS', '', 0, 0, NULL, NULL),
(0, 0, '', 'MP. SANTOS MICHELENA', 'CM. LAS TEJERIAS', '', 0, 0, NULL, NULL),
(0, 0, '', 'MP. SANTOS MICHELENA', 'CM. LAS TEJERIAS', '', 0, 0, NULL, NULL),
(0, 0, '', 'MP. SANTOS MICHELENA', 'CM. LAS TEJERIAS', '', 0, 0, NULL, NULL),
(0, 0, '', 'MP. SANTOS MICHELENA', 'CM. LAS TEJERIAS', '', 0, 0, NULL, NULL),
(0, 0, '', 'MP. SANTOS MICHELENA', 'CM. LAS TEJERIAS', '', 0, 0, NULL, NULL),
(0, 0, '', 'MP. SANTOS MICHELENA', 'CM. LAS TEJERIAS', '', 0, 0, NULL, NULL),
(0, 0, '', 'MP. SANTOS MICHELENA', 'CM. LAS TEJERIAS', '', 0, 0, NULL, NULL),
(0, 0, '', 'MP. SANTOS MICHELENA', 'CM. LAS TEJERIAS', '', 0, 0, NULL, NULL),
(0, 0, '', 'MP. SANTOS MICHELENA', 'CM. LAS TEJERIAS', '', 0, 0, NULL, NULL),
(0, 0, '', 'MP. SANTOS MICHELENA', 'CM. LAS TEJERIAS', '', 0, 0, NULL, NULL),
(0, 0, '', 'MP. SANTOS MICHELENA', 'PQ. TIARA', '', 0, 0, NULL, NULL),
(0, 0, '', 'MP. SANTOS MICHELENA', 'PQ. TIARA', '', 0, 0, NULL, NULL),
(0, 0, '', 'MP. SANTOS MICHELENA', 'PQ. TIARA', '', 0, 0, NULL, NULL),
(0, 0, '', 'MP. SANTOS MICHELENA', 'PQ. TIARA', '', 0, 0, NULL, NULL),
(0, 0, '', 'MP. SANTOS MICHELENA', 'PQ. TIARA', '', 0, 0, NULL, NULL),
(0, 0, '', 'MP. MARIO B IRAGORRY', 'CM. EL LIMON', '', 0, 0, NULL, NULL),
(0, 0, '', 'MP. MARIO B IRAGORRY', 'CM. EL LIMON', '', 0, 0, NULL, NULL),
(0, 0, '', 'MP. MARIO B IRAGORRY', 'CM. EL LIMON', '', 0, 0, NULL, NULL),
(0, 0, '', 'MP. MARIO B IRAGORRY', 'CM. EL LIMON', '', 0, 0, NULL, NULL),
(0, 0, '', 'MP. MARIO B IRAGORRY', 'CM. EL LIMON', '', 0, 0, NULL, NULL),
(0, 0, '', 'MP. MARIO B IRAGORRY', 'CM. EL LIMON', '', 0, 0, NULL, NULL),
(0, 0, '', 'MP. MARIO B IRAGORRY', 'CM. EL LIMON', '', 0, 0, NULL, NULL),
(0, 0, '', 'MP. MARIO B IRAGORRY', 'CM. EL LIMON', '', 0, 0, NULL, NULL),
(0, 0, '', 'MP. MARIO B IRAGORRY', 'CM. EL LIMON', '', 0, 0, NULL, NULL),
(0, 0, '', 'MP. MARIO B IRAGORRY', 'PQ. CAÑA DE AZUCAR', '', 0, 0, NULL, NULL),
(0, 0, '', 'MP. MARIO B IRAGORRY', 'PQ. CAÑA DE AZUCAR', '', 0, 0, NULL, NULL),
(0, 0, '', 'MP. MARIO B IRAGORRY', 'PQ. CAÑA DE AZUCAR', '', 0, 0, NULL, NULL),
(0, 0, '', 'MP. MARIO B IRAGORRY', 'PQ. CAÑA DE AZUCAR', '', 0, 0, NULL, NULL),
(0, 0, '', 'MP. MARIO B IRAGORRY', 'PQ. CAÑA DE AZUCAR', '', 0, 0, NULL, NULL),
(0, 0, '', 'MP. MARIO B IRAGORRY', 'PQ. CAÑA DE AZUCAR', '', 0, 0, NULL, NULL),
(0, 0, '', 'MP. MARIO B IRAGORRY', 'PQ. CAÑA DE AZUCAR', '', 0, 0, NULL, NULL),
(0, 0, '', 'MP. MARIO B IRAGORRY', 'PQ. CAÑA DE AZUCAR', '', 0, 0, NULL, NULL),
(0, 0, '', 'MP. MARIO B IRAGORRY', 'PQ. CAÑA DE AZUCAR', '', 0, 0, NULL, NULL),
(0, 0, '', 'MP. MARIO B IRAGORRY', 'PQ. CAÑA DE AZUCAR', '', 0, 0, NULL, NULL),
(0, 0, '', 'MP. MARIO B IRAGORRY', 'PQ. CAÑA DE AZUCAR', '', 0, 0, NULL, NULL),
(0, 0, '', 'MP. MARIO B IRAGORRY', 'PQ. CAÑA DE AZUCAR', '', 0, 0, NULL, NULL),
(0, 0, '', 'MP. MARIO B IRAGORRY', 'PQ. CAÑA DE AZUCAR', '', 0, 0, NULL, NULL),
(0, 0, '', 'MP. MARIO B IRAGORRY', 'PQ. CAÑA DE AZUCAR', '', 0, 0, NULL, NULL),
(0, 0, '', 'MP. MARIO B IRAGORRY', 'PQ. CAÑA DE AZUCAR', '', 0, 0, NULL, NULL),
(0, 0, '', 'MP. MARIO B IRAGORRY', 'PQ. CAÑA DE AZUCAR', '', 0, 0, NULL, NULL),
(0, 0, '', 'MP. MARIO B IRAGORRY', 'PQ. CAÑA DE AZUCAR', '', 0, 0, NULL, NULL),
(0, 0, '', 'MP. MARIO B IRAGORRY', 'PQ. CAÑA DE AZUCAR', '', 0, 0, NULL, NULL),
(0, 0, '', 'MP. MARIO B IRAGORRY', 'PQ. CAÑA DE AZUCAR', '', 0, 0, NULL, NULL),
(0, 0, '', 'MP. MARIO B IRAGORRY', 'PQ. CAÑA DE AZUCAR', '', 0, 0, NULL, NULL),
(0, 0, '', 'MP. MARIO B IRAGORRY', 'PQ. CAÑA DE AZUCAR', '', 0, 0, NULL, NULL),
(0, 0, '', 'MP. MARIO B IRAGORRY', 'PQ. CAÑA DE AZUCAR', '', 0, 0, NULL, NULL),
(0, 0, '', 'MP. MARIO B IRAGORRY', 'PQ. CAÑA DE AZUCAR', '', 0, 0, NULL, NULL),
(0, 0, '', 'MP. MARIO B IRAGORRY', 'PQ. CAÑA DE AZUCAR', '', 0, 0, NULL, NULL),
(0, 0, '', 'MP. MARIO B IRAGORRY', 'PQ. CAÑA DE AZUCAR', '', 0, 0, NULL, NULL),
(0, 0, '', 'MP. TOVAR', 'CM. COLONIA TOVAR', '', 0, 0, NULL, NULL),
(0, 0, '', 'MP. TOVAR', 'CM. COLONIA TOVAR', '', 0, 0, NULL, NULL),
(0, 0, '', 'MP. TOVAR', 'CM. COLONIA TOVAR', '', 0, 0, NULL, NULL),
(0, 0, '', 'MP. TOVAR', 'CM. COLONIA TOVAR', '', 0, 0, NULL, NULL),
(0, 0, '', 'MP. TOVAR', 'CM. COLONIA TOVAR', '', 0, 0, NULL, NULL),
(0, 0, '', 'MP. TOVAR', 'CM. COLONIA TOVAR', '', 0, 0, NULL, NULL),
(0, 0, '', 'MP. TOVAR', 'CM. COLONIA TOVAR', '', 0, 0, NULL, NULL),
(0, 0, '', 'MP. TOVAR', 'CM. COLONIA TOVAR', '', 0, 0, NULL, NULL),
(0, 0, '', 'MP. TOVAR', 'CM. COLONIA TOVAR', '', 0, 0, NULL, NULL),
(0, 0, '', 'MP. TOVAR', 'CM. COLONIA TOVAR', '', 0, 0, NULL, NULL),
(0, 0, '', 'MP. TOVAR', 'CM. COLONIA TOVAR', '', 0, 0, NULL, NULL),
(0, 0, '', 'MP. TOVAR', 'CM. COLONIA TOVAR', '', 0, 0, NULL, NULL),
(0, 0, '', 'MP. TOVAR', 'CM. COLONIA TOVAR', '', 0, 0, NULL, NULL),
(0, 0, '', 'MP. TOVAR', 'CM. COLONIA TOVAR', '', 0, 0, NULL, NULL),
(0, 0, '', 'MP. TOVAR', 'CM. COLONIA TOVAR', '', 0, 0, NULL, NULL),
(0, 0, '', 'MP. TOVAR', 'CM. COLONIA TOVAR', '', 0, 0, NULL, NULL),
(0, 0, '', 'MP. TOVAR', 'CM. COLONIA TOVAR', '', 0, 0, NULL, NULL),
(0, 0, '', 'MP. TOVAR', 'CM. COLONIA TOVAR', '', 0, 0, NULL, NULL),
(0, 0, '', 'MP. TOVAR', 'CM. COLONIA TOVAR', '', 0, 0, NULL, NULL),
(0, 0, '', 'MP. TOVAR', 'CM. COLONIA TOVAR', '', 0, 0, NULL, NULL),
(0, 0, '', 'MP. TOVAR', 'CM. COLONIA TOVAR', '', 0, 0, NULL, NULL),
(0, 0, '', 'MP. TOVAR', 'CM. COLONIA TOVAR', '', 0, 0, NULL, NULL),
(0, 0, '', 'MP. CAMATAGUA', 'CM. CAMATAGUA', '', 0, 0, NULL, NULL),
(0, 0, '', 'MP. CAMATAGUA', 'CM. CAMATAGUA', '', 0, 0, NULL, NULL),
(0, 0, '', 'MP. CAMATAGUA', 'CM. CAMATAGUA', '', 0, 0, NULL, NULL),
(0, 0, '', 'MP. CAMATAGUA', 'CM. CAMATAGUA', '', 0, 0, NULL, NULL),
(0, 0, '', 'MP. CAMATAGUA', 'CM. CAMATAGUA', '', 0, 0, NULL, NULL),
(0, 0, '', 'MP. CAMATAGUA', 'CM. CAMATAGUA', '', 0, 0, NULL, NULL),
(0, 0, '', 'MP. CAMATAGUA', 'CM. CAMATAGUA', '', 0, 0, NULL, NULL),
(0, 0, '', 'MP. CAMATAGUA', 'CM. CAMATAGUA', '', 0, 0, NULL, NULL),
(0, 0, '', 'MP. CAMATAGUA', 'PQ. CARMEN DE CURA', '', 0, 0, NULL, NULL),
(0, 0, '', 'MP. CAMATAGUA', 'PQ. CARMEN DE CURA', '', 0, 0, NULL, NULL),
(0, 0, '', 'MP. CAMATAGUA', 'PQ. CARMEN DE CURA', '', 0, 0, NULL, NULL),
(0, 0, '', 'MP. JOSE R REVENGA', 'CM. EL CONSEJO', '', 0, 0, NULL, NULL),
(0, 0, '', 'MP. JOSE R REVENGA', 'CM. EL CONSEJO', '', 0, 0, NULL, NULL),
(0, 0, '', 'MP. JOSE R REVENGA', 'CM. EL CONSEJO', '', 0, 0, NULL, NULL),
(0, 0, '', 'MP. JOSE R REVENGA', 'CM. EL CONSEJO', '', 0, 0, NULL, NULL),
(0, 0, '', 'MP. JOSE R REVENGA', 'CM. EL CONSEJO', '', 0, 0, NULL, NULL),
(0, 0, '', 'MP. JOSE R REVENGA', 'CM. EL CONSEJO', '', 0, 0, NULL, NULL),
(0, 0, '', 'MP. JOSE R REVENGA', 'CM. EL CONSEJO', '', 0, 0, NULL, NULL),
(0, 0, '', 'MP. JOSE R REVENGA', 'CM. EL CONSEJO', '', 0, 0, NULL, NULL),
(0, 0, '', 'MP. JOSE R REVENGA', 'CM. EL CONSEJO', '', 0, 0, NULL, NULL),
(0, 0, '', 'MP. JOSE R REVENGA', 'CM. EL CONSEJO', '', 0, 0, NULL, NULL),
(0, 0, '', 'MP. JOSE R REVENGA', 'CM. EL CONSEJO', '', 0, 0, NULL, NULL),
(0, 0, '', 'MP. JOSE R REVENGA', 'CM. EL CONSEJO', '', 0, 0, NULL, NULL),
(0, 0, '', 'MP. JOSE R REVENGA', 'CM. EL CONSEJO', '', 0, 0, NULL, NULL),
(0, 0, '', 'MP. JOSE R REVENGA', 'CM. EL CONSEJO', '', 0, 0, NULL, NULL),
(0, 0, '', 'MP. JOSE R REVENGA', 'CM. EL CONSEJO', '', 0, 0, NULL, NULL),
(0, 0, '', 'MP. JOSE R REVENGA', 'CM. EL CONSEJO', '', 0, 0, NULL, NULL),
(0, 0, '', 'MP. JOSE R REVENGA', 'CM. EL CONSEJO', '', 0, 0, NULL, NULL),
(0, 0, '', 'MP. JOSE R REVENGA', 'CM. EL CONSEJO', '', 0, 0, NULL, NULL),
(0, 0, '', 'MP. JOSE R REVENGA', 'CM. EL CONSEJO', '', 0, 0, NULL, NULL),
(0, 0, '', 'MP. JOSE R REVENGA', 'CM. EL CONSEJO', '', 0, 0, NULL, NULL),
(0, 0, '', 'MP. JOSE R REVENGA', 'CM. EL CONSEJO', '', 0, 0, NULL, NULL),
(0, 0, '', 'MP. JOSE R REVENGA', 'CM. EL CONSEJO', '', 0, 0, NULL, NULL),
(0, 0, '', 'MP. JOSE R REVENGA', 'CM. EL CONSEJO', '', 0, 0, NULL, NULL),
(0, 0, '', 'MP. JOSE R REVENGA', 'CM. EL CONSEJO', '', 0, 0, NULL, NULL),
(0, 0, '', 'MP. JOSE R REVENGA', 'CM. EL CONSEJO', '', 0, 0, NULL, NULL),
(0, 0, '', 'MP. JOSE R REVENGA', 'CM. EL CONSEJO', '', 0, 0, NULL, NULL),
(0, 0, '', 'MP.FRANCISCO LINARES', 'CM. SANTA RITA', '', 0, 0, NULL, NULL),
(0, 0, '', 'MP.FRANCISCO LINARES', 'CM. SANTA RITA', '', 0, 0, NULL, NULL),
(0, 0, '', 'MP.FRANCISCO LINARES', 'CM. SANTA RITA', '', 0, 0, NULL, NULL),
(0, 0, '', 'MP.FRANCISCO LINARES', 'CM. SANTA RITA', '', 0, 0, NULL, NULL),
(0, 0, '', 'MP.FRANCISCO LINARES', 'CM. SANTA RITA', '', 0, 0, NULL, NULL),
(0, 0, '', 'MP.FRANCISCO LINARES', 'CM. SANTA RITA', '', 0, 0, NULL, NULL),
(0, 0, '', 'MP.FRANCISCO LINARES', 'CM. SANTA RITA', '', 0, 0, NULL, NULL),
(0, 0, '', 'MP.FRANCISCO LINARES', 'CM. SANTA RITA', '', 0, 0, NULL, NULL),
(0, 0, '', 'MP.FRANCISCO LINARES', 'CM. SANTA RITA', '', 0, 0, NULL, NULL),
(0, 0, '', 'MP.FRANCISCO LINARES', 'CM. SANTA RITA', '', 0, 0, NULL, NULL),
(0, 0, '', 'MP.FRANCISCO LINARES', 'CM. SANTA RITA', '', 0, 0, NULL, NULL),
(0, 0, '', 'MP.FRANCISCO LINARES', 'CM. SANTA RITA', '', 0, 0, NULL, NULL),
(0, 0, '', 'MP.FRANCISCO LINARES', 'CM. SANTA RITA', '', 0, 0, NULL, NULL),
(0, 0, '', 'MP.FRANCISCO LINARES', 'CM. SANTA RITA', '', 0, 0, NULL, NULL),
(0, 0, '', 'MP.FRANCISCO LINARES', 'CM. SANTA RITA', '', 0, 0, NULL, NULL),
(0, 0, '', 'MP.FRANCISCO LINARES', 'CM. SANTA RITA', '', 0, 0, NULL, NULL),
(0, 0, '', 'MP.FRANCISCO LINARES', 'CM. SANTA RITA', '', 0, 0, NULL, NULL),
(0, 0, '', 'MP.FRANCISCO LINARES', 'CM. SANTA RITA', '', 0, 0, NULL, NULL),
(0, 0, '', 'MP.FRANCISCO LINARES', 'CM. SANTA RITA', '', 0, 0, NULL, NULL),
(0, 0, '', 'MP.FRANCISCO LINARES', 'CM. SANTA RITA', '', 0, 0, NULL, NULL),
(0, 0, '', 'MP.FRANCISCO LINARES', 'CM. SANTA RITA', '', 0, 0, NULL, NULL),
(0, 0, '', 'MP.FRANCISCO LINARES', 'CM. SANTA RITA', '', 0, 0, NULL, NULL),
(0, 0, '', 'MP.FRANCISCO LINARES', 'CM. SANTA RITA', '', 0, 0, NULL, NULL),
(0, 0, '', 'MP.FRANCISCO LINARES', 'CM. SANTA RITA', '', 0, 0, NULL, NULL),
(0, 0, '', 'MP.FRANCISCO LINARES', 'CM. SANTA RITA', '', 0, 0, NULL, NULL),
(0, 0, '', 'MP.FRANCISCO LINARES', 'CM. SANTA RITA', '', 0, 0, NULL, NULL),
(0, 0, '', 'MP.FRANCISCO LINARES', 'CM. SANTA RITA', '', 0, 0, NULL, NULL),
(0, 0, '', 'MP.FRANCISCO LINARES', 'CM. SANTA RITA', '', 0, 0, NULL, NULL),
(0, 0, '', 'MP.FRANCISCO LINARES', 'CM. SANTA RITA', '', 0, 0, NULL, NULL),
(0, 0, '', 'MP.FRANCISCO LINARES', 'CM. SANTA RITA', '', 0, 0, NULL, NULL),
(0, 0, '', 'MP.FRANCISCO LINARES', 'CM. SANTA RITA', '', 0, 0, NULL, NULL),
(0, 0, '', 'MP.FRANCISCO LINARES', 'CM. SANTA RITA', '', 0, 0, NULL, NULL),
(0, 0, '', 'MP.FRANCISCO LINARES', 'CM. SANTA RITA', '', 0, 0, NULL, NULL),
(0, 0, '', 'MP.FRANCISCO LINARES', 'CM. SANTA RITA', '', 0, 0, NULL, NULL),
(0, 0, '', 'MP.FRANCISCO LINARES', 'CM. SANTA RITA', '', 0, 0, NULL, NULL),
(0, 0, '', 'MP.FRANCISCO LINARES', 'CM. SANTA RITA', '', 0, 0, NULL, NULL),
(0, 0, '', 'MP.FRANCISCO LINARES', 'PQ. FRANCISCO DE MIRANDA', '', 0, 0, NULL, NULL),
(0, 0, '', 'MP.FRANCISCO LINARES', 'PQ. FRANCISCO DE MIRANDA', '', 0, 0, NULL, NULL),
(0, 0, '', 'MP.FRANCISCO LINARES', 'PQ. FRANCISCO DE MIRANDA', '', 0, 0, NULL, NULL),
(0, 0, '', 'MP.FRANCISCO LINARES', 'PQ. FRANCISCO DE MIRANDA', '', 0, 0, NULL, NULL),
(0, 0, '', 'MP.FRANCISCO LINARES', 'PQ. FRANCISCO DE MIRANDA', '', 0, 0, NULL, NULL),
(0, 0, '', 'MP.FRANCISCO LINARES', 'PQ. FRANCISCO DE MIRANDA', '', 0, 0, NULL, NULL),
(0, 0, '', 'MP.FRANCISCO LINARES', 'PQ. FRANCISCO DE MIRANDA', '', 0, 0, NULL, NULL),
(0, 0, '', 'MP.FRANCISCO LINARES', 'PQ. FRANCISCO DE MIRANDA', '', 0, 0, NULL, NULL),
(0, 0, '', 'MP.FRANCISCO LINARES', 'PQ. FRANCISCO DE MIRANDA', '', 0, 0, NULL, NULL),
(0, 0, '', 'MP.FRANCISCO LINARES', 'PQ. FRANCISCO DE MIRANDA', '', 0, 0, NULL, NULL),
(0, 0, '', 'MP.FRANCISCO LINARES', 'PQ. MONS FELICIANO G', '', 0, 0, NULL, NULL),
(0, 0, '', 'MP.FRANCISCO LINARES', 'PQ. MONS FELICIANO G', '', 0, 0, NULL, NULL),
(0, 0, '', 'MP.FRANCISCO LINARES', 'PQ. MONS FELICIANO G', '', 0, 0, NULL, NULL),
(0, 0, '', 'MP.FRANCISCO LINARES', 'PQ. MONS FELICIANO G', '', 0, 0, NULL, NULL),
(0, 0, '', 'MP.FRANCISCO LINARES', 'PQ. MONS FELICIANO G', '', 0, 0, NULL, NULL),
(0, 0, '', 'MP.OCUMARE D L COSTA', 'PQ. OCUMARE DE LA COSTA', '', 0, 0, NULL, NULL),
(0, 0, '', 'MP.OCUMARE D L COSTA', 'PQ. OCUMARE DE LA COSTA', '', 0, 0, NULL, NULL),
(0, 0, '', 'MP.OCUMARE D L COSTA', 'PQ. OCUMARE DE LA COSTA', '', 0, 0, NULL, NULL),
(0, 0, '', 'MP.OCUMARE D L COSTA', 'PQ. OCUMARE DE LA COSTA', '', 0, 0, NULL, NULL),
(0, 0, '', 'MP.OCUMARE D L COSTA', 'PQ. OCUMARE DE LA COSTA', '', 0, 0, NULL, NULL),
(0, 0, '', 'MP.OCUMARE D L COSTA', 'PQ. OCUMARE DE LA COSTA', '', 0, 0, NULL, NULL),
(0, 0, '', 'MP.OCUMARE D L COSTA', 'PQ. OCUMARE DE LA COSTA', '', 0, 0, NULL, NULL),
(0, 0, '', 'MP.OCUMARE D L COSTA', 'PQ. OCUMARE DE LA COSTA', '', 0, 0, NULL, NULL),
(0, 0, '', 'MP.OCUMARE D L COSTA', 'PQ. OCUMARE DE LA COSTA', '', 0, 0, NULL, NULL),
(0, 0, '', 'MP. GIRARDOT', 'PQ. LAS DELICIAS', '', 0, 0, NULL, NULL),
(0, 0, '', 'MP. GIRARDOT', 'PQ. LAS DELICIAS', '', 0, 0, NULL, NULL),
(0, 0, '', 'MP. GIRARDOT', 'PQ. LAS DELICIAS', '', 0, 0, NULL, NULL),
(0, 0, '', 'MP. GIRARDOT', 'PQ. MADRE MA DE SAN JOSE', '', 0, 0, NULL, NULL),
(0, 0, '', 'MP. GIRARDOT', 'PQ. MADRE MA DE SAN JOSE', '', 0, 0, NULL, NULL),
(0, 0, '', 'MP. GIRARDOT', 'PQ. MADRE MA DE SAN JOSE', '', 0, 0, NULL, NULL),
(0, 0, '', 'MP. GIRARDOT', 'PQ. MADRE MA DE SAN JOSE', '', 0, 0, NULL, NULL),
(0, 0, '', 'MP. JOSE FELIX RIBAS', 'CM. JUAN VICENTE BOLIVAR', '', 0, 0, NULL, NULL),
(0, 0, '', 'MP. JOSE FELIX RIBAS', 'PQ. CASTOR NIEVES RIOS', '', 0, 0, NULL, NULL),
(0, 0, '', 'MP. JOSE FELIX RIBAS', 'PQ. CASTOR NIEVES RIOS', '', 0, 0, NULL, NULL),
(0, 0, '', 'MP. SAN CASIMIRO', 'CM. SAN CASIMIRO', '', 0, 0, NULL, NULL),
(0, 0, '', 'MP. SAN SEBASTIAN', 'CM. SAN SEBASTIAN', '', 0, 0, NULL, NULL),
(0, 0, '', 'MP. MARIO B IRAGORRY', 'CM. EL LIMON', '', 0, 0, NULL, NULL),
(0, 0, '', 'MP. TOVAR', 'CM. COLONIA TOVAR', '', 0, 0, NULL, NULL),
(0, 0, '', 'MP.FRANCISCO LINARES', 'CM. SANTA RITA', '', 0, 0, NULL, NULL);

-- --------------------------------------------------------

--
-- Estructura de tabla para la tabla `centros`
--

CREATE TABLE `centros` (
  `id` int(10) UNSIGNED NOT NULL,
  `created_at` timestamp NULL DEFAULT NULL,
  `updated_at` timestamp NULL DEFAULT NULL
) ENGINE=InnoDB DEFAULT CHARSET=utf8mb4 COLLATE=utf8mb4_unicode_ci;

-- --------------------------------------------------------

--
-- Estructura de tabla para la tabla `datos_sala`
--

CREATE TABLE `datos_sala` (
  `id` int(10) UNSIGNED NOT NULL,
  `hora_reporte` time DEFAULT NULL,
  `hora_ejecucion` varchar(191) COLLATE utf8mb4_unicode_ci DEFAULT NULL,
  `sector_id` int(11) NOT NULL,
  `municipio` varchar(191) COLLATE utf8mb4_unicode_ci DEFAULT NULL,
  `parroquia` varchar(191) COLLATE utf8mb4_unicode_ci DEFAULT NULL,
  `total` varchar(191) COLLATE utf8mb4_unicode_ci NOT NULL,
  `status` int(2) DEFAULT NULL,
  `created_at` timestamp NULL DEFAULT NULL,
  `updated_at` timestamp NULL DEFAULT NULL
) ENGINE=InnoDB DEFAULT CHARSET=utf8mb4 COLLATE=utf8mb4_unicode_ci;

-- --------------------------------------------------------

--
-- Estructura de tabla para la tabla `metas_sectores`
--

CREATE TABLE `metas_sectores` (
  `Id` int(11) DEFAULT NULL,
  `SECTORES_SOCIALES` varchar(255) COLLATE utf8mb4_spanish_ci DEFAULT NULL,
  `META ELECTORAL` double DEFAULT NULL,
  `COMANDOS RECIBIDOS` double DEFAULT NULL
) ENGINE=InnoDB DEFAULT CHARSET=utf8mb4 COLLATE=utf8mb4_spanish_ci;

--
-- Volcado de datos para la tabla `metas_sectores`
--

INSERT INTO `metas_sectores` (`Id`, `SECTORES_SOCIALES`, `META ELECTORAL`, `COMANDOS RECIBIDOS`) VALUES
(1, 'SALUD', 18760, 312),
(2, 'VIVIENDA Y POBLADORES', 11475, 191),
(3, 'EDUCACIÓN', 53210, 886),
(4, 'HOGARES DE LA PATRIA ', 43789, 729),
(5, 'FRENTE DE MUEJERES ', 16420, 273),
(6, 'CHAMBA JUVENIL', 19476, 324),
(7, 'TRANSPORTE', 9651, 160),
(8, 'FRENTE DE DISCAPACIDAD ', 3214, 53),
(9, 'ADULTO MAYOR', 31476, 524),
(10, 'FRENTE MOTORIZADO', 1842, 30),
(11, 'PLAN MURALES', 326, 5),
(12, 'FRENTE FRANCISCO DE MIRANDA', 12470, 207),
(13, 'ROBERT SERRA ', 9621, 160),
(14, 'TRABAJADORES ', 16547, 275),
(15, 'CONSEJOS COMUNALES ', 41597, 693),
(16, 'FRENTE CAMPESINOS Y PESCADORES ', 1324, 22),
(17, 'FRENTE DE REFUGIADOS ', 3841, 64),
(18, 'FRENTE INDIGENAS ', 930, 15),
(19, 'ESTUDIANTES UNIVERSITARIOS ', 27132, 452),
(20, 'ECOSOCIALISTA ', 954, 15),
(21, 'ABOGADOS', 1465, 24),
(22, 'ECONOMIA SOCIAL', 3820, 63),
(23, 'GLORIA DEL DEPORTE', 4398, 73),
(24, 'INSTITUCIONES ', 13914, 139);

-- --------------------------------------------------------

--
-- Estructura de tabla para la tabla `migrations`
--

CREATE TABLE `migrations` (
  `id` int(10) UNSIGNED NOT NULL,
  `migration` varchar(191) COLLATE utf8mb4_unicode_ci NOT NULL,
  `batch` int(11) NOT NULL
) ENGINE=InnoDB DEFAULT CHARSET=utf8mb4 COLLATE=utf8mb4_unicode_ci;

--
-- Volcado de datos para la tabla `migrations`
--

INSERT INTO `migrations` (`id`, `migration`, `batch`) VALUES
(15, '2018_05_17_233559_create_centros_table', 1),
(19, '2014_10_12_000000_create_users_table', 2),
(20, '2014_10_12_100000_create_password_resets_table', 2),
(21, '2018_05_17_230002_create_dato_salas_table', 2);

-- --------------------------------------------------------

--
-- Estructura de tabla para la tabla `password_resets`
--

CREATE TABLE `password_resets` (
  `email` varchar(190) COLLATE utf8mb4_unicode_ci NOT NULL,
  `token` varchar(191) COLLATE utf8mb4_unicode_ci NOT NULL,
  `created_at` timestamp NULL DEFAULT NULL
) ENGINE=InnoDB DEFAULT CHARSET=utf8mb4 COLLATE=utf8mb4_unicode_ci;

-- --------------------------------------------------------

--
-- Estructura de tabla para la tabla `ss`
--

CREATE TABLE `ss` (
  `Id` int(11) NOT NULL,
  `SECTORES_SOCIALES` varchar(255) COLLATE utf8mb4_spanish_ci DEFAULT NULL
) ENGINE=InnoDB DEFAULT CHARSET=utf8mb4 COLLATE=utf8mb4_spanish_ci;

--
-- Volcado de datos para la tabla `ss`
--

INSERT INTO `ss` (`Id`, `SECTORES_SOCIALES`) VALUES
(1, 'SALUD'),
(2, 'VIVIENDA Y POBLADORES'),
(3, 'EDUCACIÓN'),
(4, 'HOGARES DE LA PATRIA '),
(5, 'FRENTE DE MUEJERES '),
(6, 'CHAMBA JUVENIL'),
(7, 'TRANSPORTE'),
(8, 'FRENTE DE DISCAPACIDAD '),
(9, 'ADULTO MAYOR'),
(10, 'FRENTE MOTORIZADO'),
(11, 'PLAN MURALES'),
(12, 'FRENTE FRANCISCO DE MIRANDA'),
(13, 'ROBERT SERRA '),
(14, 'TRABAJADORES '),
(15, 'CONSEJOS COMUNALES '),
(16, 'FRENTE CAMPESINOS Y PESCADORES '),
(17, 'FRENTE DE REFUGIADOS '),
(18, 'FRENTE INDIGENAS '),
(19, 'ESTUDIANTES UNIVERSITARIOS '),
(20, 'ECOSOCIALISTA '),
(21, 'ABOGADOS'),
(22, 'ECONOMIA SOCIAL'),
(23, 'GLORIA DEL DEPORTE'),
(24, 'INSTITUCIONES '),
(25, 'master');

-- --------------------------------------------------------

--
-- Estructura de tabla para la tabla `users`
--

CREATE TABLE `users` (
  `id` int(10) UNSIGNED NOT NULL,
  `cedula` varchar(191) COLLATE utf8mb4_unicode_ci NOT NULL,
  `nombres` varchar(191) COLLATE utf8mb4_unicode_ci NOT NULL,
  `apellidos` varchar(191) COLLATE utf8mb4_unicode_ci NOT NULL,
  `usuario` varchar(190) COLLATE utf8mb4_unicode_ci NOT NULL,
  `password` varchar(191) COLLATE utf8mb4_unicode_ci NOT NULL,
  `sector_id` varchar(191) COLLATE utf8mb4_unicode_ci DEFAULT NULL,
  `rol` varchar(191) COLLATE utf8mb4_unicode_ci NOT NULL DEFAULT 'U',
  `remember_token` varchar(100) COLLATE utf8mb4_unicode_ci DEFAULT NULL,
  `created_at` timestamp NULL DEFAULT NULL,
  `updated_at` timestamp NULL DEFAULT NULL
) ENGINE=InnoDB DEFAULT CHARSET=utf8mb4 COLLATE=utf8mb4_unicode_ci;

--
-- Volcado de datos para la tabla `users`
--

INSERT INTO `users` (`id`, `cedula`, `nombres`, `apellidos`, `usuario`, `password`, `sector_id`, `rol`, `remember_token`, `created_at`, `updated_at`) VALUES
(1, '00000000', 'Admin', 'Admin', 'admin', '$2y$10$WiPF6NHfCz5JXub/9kbiTuuFs3YBxp/4GBIyhN2dzVAUoouey.TJ6', '25.', 'A', 'IAlRvkbpSb9TLfTZyKYHraAVwu7goVBvRIuJB2UkDtvjMQdsqOzN9mUBtT87', '2018-05-18 04:08:23', '2018-05-18 04:08:23'),
(9, '12345678', 'salud', 'salud', 'salud', '$2y$10$.cSqBMxWKi2BiLeWQud2SufmzezzUJLQ1ADAFMfRXIOotkebdtfxu', '1', 'U', 'KWTmXGJWdoM8IRtdqDdh0bzV2mEjC8b0DKerHa7BkSA36UHeVhZriDLbIR4y', '2018-05-20 04:58:32', '2018-05-20 04:58:32'),
(10, '12345678', 'mariangel', 'hernandez', 'data', '$2y$10$DtuvQubL2/HpxCnS96l.ruxeNPNF7z/OJXPL4gof1.XtoX0R0hypC', '25', 'C', NULL, NULL, NULL),
(11, '12345678', 'vivienda', 'vivienda', 'vivienda', '$2y$10$CfvcwLN17amnmaz7pAGeNO7gFG6AzcPAHwgnlMv0eF5Dfqa4C1k0i', '2', 'U', NULL, '2018-05-20 05:22:07', '2018-05-20 05:22:07'),
(12, '12345678', 'educacion', 'educacion', 'educacion', '$2y$10$VExPUmi7TuOUk2cqoZ42U.WV378LNn1NOAsihAeplCMI3lM1h8GfS', '3', 'U', NULL, '2018-05-20 05:24:16', '2018-05-20 05:24:16'),
(13, '12345678', 'hogares', 'hogares', 'hogares', '$2y$10$SlB6upzTEcFHOeYXbUS.bul7d443aH2CdgTxNVsO9BFA7hTR/UcUS', '4', 'U', NULL, '2018-05-20 05:25:51', '2018-05-20 05:25:51'),
(14, '12345678', 'frente', 'frente', 'frente', '$2y$10$wR6T2EkBjnOJ2gFPExCCI.sdUIZOQ1jr1pdq.RR01DJ3Wzb9kj9a.', '5', 'U', NULL, '2018-05-20 05:26:55', '2018-05-20 05:26:55'),
(15, '12345678', 'chamba', 'chamba', 'chamba', '$2y$10$4B6Ijmg.RbhLFGP1Wd98eu/PF3IAlTOxoRMpXTeKRIrHuI1AiIWbO', '6', 'U', NULL, '2018-05-20 05:27:57', '2018-05-20 05:27:57'),
(16, '12345678', 'transporte', 'transporte', 'transporte', '$2y$10$p4sToAdXb2lJLtDZ20ZQY.KNTN86Y7zoalYRxsoe1fgB1bRwzE39i', '7', 'U', NULL, '2018-05-20 05:29:33', '2018-05-20 05:29:33'),
(17, '12345678', 'discapacidad', 'discapacidad', 'discapacidad', '$2y$10$Q26JKWBXphmSToSRPcpqGuafsjhPUIcLvPg0tdBRVfxre.O7S7VvW', '8', 'U', NULL, '2018-05-20 05:31:25', '2018-05-20 05:31:25'),
(18, '12345678', 'adulto', 'adulto', 'adulto', '$2y$10$zZVN6lJy6TyC9U76PvqXeOQ80/JD1G5QjZXtJ8mWkkSjDeVjVKPue', '9', 'U', NULL, '2018-05-20 05:32:10', '2018-05-20 05:32:10'),
(19, '12345678', 'motorizado', 'motorizado', 'motorizado', '$2y$10$OsFkZgXtJDDhNjfgYFLXVuhtZjnImp1.JJccAtU7aI46pNVtNrzvW', '10', 'U', NULL, '2018-05-20 05:33:36', '2018-05-20 05:33:36'),
(20, '12345678', 'murales', 'murales', 'murales', '$2y$10$3bbEx.teH.I1c8S2uYP9Bu6Ggd3REdSUWYbxLfYKImqxSbyDvgsW.', '11', 'U', NULL, '2018-05-20 05:35:24', '2018-05-20 05:35:24'),
(21, '12345678', 'francisco de miranda', 'francisco de miranda', 'fmiranda', '$2y$10$wQuJdFFd/4nrw6dmBSoxEOR/2fPODeGBKvw5g.h3CvI.NZMo7OFDW', '12', 'U', NULL, '2018-05-20 05:36:47', '2018-05-20 05:36:47'),
(22, '12345678', 'robert serra', 'robert serra', 'robert', '$2y$10$U6SfMXLZxHfjDPy3PoUYMeo170/8S/eAxZIou96X1W4nZjiCjPn3.', '13', 'U', NULL, '2018-05-20 05:37:36', '2018-05-20 05:37:36'),
(23, '12345678', 'trabajadores', 'trabajadores', 'trabajador', '$2y$10$AvgCQroj6bXuRKQhIi.O6e9Lk.7aPfn7l4bd3s7sfplcqRGPhIlfm', '14', 'U', NULL, '2018-05-20 05:38:22', '2018-05-20 05:38:22'),
(24, '12345678', 'consejo', 'consejo', 'consejo', '$2y$10$sZ1yQOZJtBERbfCGKVeHPexRNhc390Pzpg031frVabM2YGmWy.rz2', '15', 'U', NULL, '2018-05-20 05:40:33', '2018-05-20 05:40:33'),
(25, '12345678', 'campesinos', 'campesinos', 'campesino', '$2y$10$3X2Kj7tT1cFHuCRFJFLiY.LCAk0DwHqKTdYdxapZzpHcvhyU4g3gi', '16', 'U', NULL, '2018-05-20 05:43:04', '2018-05-20 05:43:04'),
(26, '12345678', 'refugiados', 'refugiados', 'refugiados', '$2y$10$ngsuQ7TqLh8KdlTIKaVvueqC6F8CeCV/maxsg7pEzB1/XqSY6ghIW', '17', 'U', NULL, '2018-05-20 05:44:32', '2018-05-20 05:44:32'),
(27, '12345678', 'indigenas', 'indigenas', 'indigenas', '$2y$10$gQ7nUUl6PBE5wT/EOyfpXO2m91Kdr6oysCiiAtk9ZbzoPZkP4l0x2', '18', 'U', NULL, '2018-05-20 05:45:36', '2018-05-20 05:45:36'),
(28, '12345678', 'estudiantes', 'estudiantes', 'estudiantes', '$2y$10$QNtq57D98F/o1J5.fhl/R.IkfPPsEiZL.VHSYo/bhfmXfoMnoA5C2', '19', 'U', NULL, '2018-05-20 05:47:06', '2018-05-20 05:47:06'),
(29, '12345678', 'ecosocialista', 'ecosocialista', 'ecosocialista', '$2y$10$B3H6cp9N05.Q8X5eBKpsnep3B3j/Jn2z2ebku0SdNg/2x8PFdLwl2', '20', 'U', NULL, '2018-05-20 05:48:11', '2018-05-20 05:48:11'),
(30, '12345678', 'abogados', 'abogados', 'abogados', '$2y$10$Dj2HkjPH/SEyjP2U0BNaOOKOfWBOSTe8xlh/tXL5IkbPh1AKoARHK', '21', 'U', 'AnbtMAceuTw44fnsVxLFW39FlH7MU5NvhPvpIOTgr2yX0PeZToLGDoQHlVzK', '2018-05-20 05:48:52', '2018-05-20 05:48:52'),
(31, '12345678', 'eco social', 'eco social', 'ecosocial', '$2y$10$fGMVDeTENinx69wo45LvJ.hBuGuU2KUj1YpBNLY8v66mHV3ai1BWq', '22', 'U', NULL, '2018-05-20 05:50:04', '2018-05-20 05:50:04'),
(32, '12345678', 'gloria', 'gloria', 'gloriad', '$2y$10$9xkh5OwxxbMPZqklknzF9O.NHZr1qWcsy3qNVbZ1gsyNYdehU9zTe', '23', 'U', NULL, '2018-05-20 05:50:58', '2018-05-20 05:50:58'),
(33, '12345678', 'instituciones', 'instituciones', 'instituciones', '$2y$10$8NiYPrWjDz5s3j7CZG/GQ.bJcr9NEDVeVQU74DZFAdZ3ujuBU7x4u', '24', 'U', NULL, '2018-05-20 05:51:46', '2018-05-20 05:51:46');

--
-- Índices para tablas volcadas
--

--
-- Indices de la tabla `centros`
--
ALTER TABLE `centros`
  ADD PRIMARY KEY (`id`);

--
-- Indices de la tabla `datos_sala`
--
ALTER TABLE `datos_sala`
  ADD PRIMARY KEY (`id`);

--
-- Indices de la tabla `migrations`
--
ALTER TABLE `migrations`
  ADD PRIMARY KEY (`id`);

--
-- Indices de la tabla `password_resets`
--
ALTER TABLE `password_resets`
  ADD KEY `password_resets_email_index` (`email`);

--
-- Indices de la tabla `ss`
--
ALTER TABLE `ss`
  ADD PRIMARY KEY (`Id`);

--
-- Indices de la tabla `users`
--
ALTER TABLE `users`
  ADD PRIMARY KEY (`id`),
  ADD UNIQUE KEY `users_usuario_unique` (`usuario`);

--
-- AUTO_INCREMENT de las tablas volcadas
--

--
-- AUTO_INCREMENT de la tabla `centros`
--
ALTER TABLE `centros`
  MODIFY `id` int(10) UNSIGNED NOT NULL AUTO_INCREMENT;

--
-- AUTO_INCREMENT de la tabla `datos_sala`
--
ALTER TABLE `datos_sala`
  MODIFY `id` int(10) UNSIGNED NOT NULL AUTO_INCREMENT, AUTO_INCREMENT=38;

--
-- AUTO_INCREMENT de la tabla `migrations`
--
ALTER TABLE `migrations`
  MODIFY `id` int(10) UNSIGNED NOT NULL AUTO_INCREMENT, AUTO_INCREMENT=22;

--
-- AUTO_INCREMENT de la tabla `users`
--
ALTER TABLE `users`
  MODIFY `id` int(10) UNSIGNED NOT NULL AUTO_INCREMENT, AUTO_INCREMENT=34;
COMMIT;

/*!40101 SET CHARACTER_SET_CLIENT=@OLD_CHARACTER_SET_CLIENT */;
/*!40101 SET CHARACTER_SET_RESULTS=@OLD_CHARACTER_SET_RESULTS */;
/*!40101 SET COLLATION_CONNECTION=@OLD_COLLATION_CONNECTION */;
